DATE,CATEGORY,CAT_DETAIL,CAT_CASES_TOTAL,CAT_CASES_TOTAL_PERCENT,CAT_CASES_TOTAL_PERPOP,CAT_CASES_NEW,CAT_CASES_NEW_PERCENT,CAT_DEATHS_TOTAL,CAT_DEATHS_TOTAL_PERCENT,CAT_DEATHS_NEW,CAT_DEATHS_NEW_PERCENT
2020-03-13,Age Range,0-10 years,NA,,,NA,,NA,,NA,NA
2020-03-13,Age Range,11-20 years,NA,,,NA,,NA,,NA,NA
2020-03-13,Age Range,21-30 years,NA,,,NA,,NA,,NA,NA
2020-03-13,Age Range,31-40 years,NA,,,NA,,NA,,NA,NA
2020-03-13,Age Range,41-50 years,NA,,,NA,,NA,,NA,NA
2020-03-13,Age Range,51-60 years,NA,,,NA,,NA,,NA,NA
2020-03-13,Age Range,61-70 years,NA,,,NA,,NA,,NA,NA
2020-03-13,Age Range,71-80 years,NA,,,NA,,NA,,NA,NA
2020-03-13,Age Range,81+ years,NA,,,NA,,NA,,NA,NA
2020-03-13,Age Range,Pending,NA,,,NA,,NA,,NA,NA
2020-03-14,Age Range,0-10 years,NA,,,NA,,NA,,NA,NA
2020-03-14,Age Range,11-20 years,NA,,,NA,,NA,,NA,NA
2020-03-14,Age Range,21-30 years,NA,,,NA,,NA,,NA,NA
2020-03-14,Age Range,31-40 years,NA,,,NA,,NA,,NA,NA
2020-03-14,Age Range,41-50 years,NA,,,NA,,NA,,NA,NA
2020-03-14,Age Range,51-60 years,NA,,,NA,,NA,,NA,NA
2020-03-14,Age Range,61-70 years,NA,,,NA,,NA,,NA,NA
2020-03-14,Age Range,71-80 years,NA,,,NA,,NA,,NA,NA
2020-03-14,Age Range,81+ years,NA,,,NA,,NA,,NA,NA
2020-03-14,Age Range,Pending,NA,,,NA,,NA,,NA,NA
2020-03-15,Age Range,0-10 years,NA,,,NA,,NA,,NA,NA
2020-03-15,Age Range,11-20 years,NA,,,NA,,NA,,NA,NA
2020-03-15,Age Range,21-30 years,NA,,,NA,,NA,,NA,NA
2020-03-15,Age Range,31-40 years,NA,,,NA,,NA,,NA,NA
2020-03-15,Age Range,41-50 years,NA,,,NA,,NA,,NA,NA
2020-03-15,Age Range,51-60 years,NA,,,NA,,NA,,NA,NA
2020-03-15,Age Range,61-70 years,NA,,,NA,,NA,,NA,NA
2020-03-15,Age Range,71-80 years,NA,,,NA,,NA,,NA,NA
2020-03-15,Age Range,81+ years,NA,,,NA,,NA,,NA,NA
2020-03-15,Age Range,Pending,NA,,,NA,,NA,,NA,NA
2020-03-16,Age Range,0-10 years,NA,,,NA,,NA,,NA,NA
2020-03-16,Age Range,11-20 years,NA,,,NA,,NA,,NA,NA
2020-03-16,Age Range,21-30 years,NA,,,NA,,NA,,NA,NA
2020-03-16,Age Range,31-40 years,NA,,,NA,,NA,,NA,NA
2020-03-16,Age Range,41-50 years,NA,,,NA,,NA,,NA,NA
2020-03-16,Age Range,51-60 years,NA,,,NA,,NA,,NA,NA
2020-03-16,Age Range,61-70 years,NA,,,NA,,NA,,NA,NA
2020-03-16,Age Range,71-80 years,NA,,,NA,,NA,,NA,NA
2020-03-16,Age Range,81+ years,NA,,,NA,,NA,,NA,NA
2020-03-16,Age Range,Pending,NA,,,NA,,NA,,NA,NA
2020-03-17,Age Range,0-10 years,NA,,,NA,,NA,,NA,NA
2020-03-17,Age Range,11-20 years,NA,,,NA,,NA,,NA,NA
2020-03-17,Age Range,21-30 years,NA,,,NA,,NA,,NA,NA
2020-03-17,Age Range,31-40 years,NA,,,NA,,NA,,NA,NA
2020-03-17,Age Range,41-50 years,NA,,,NA,,NA,,NA,NA
2020-03-17,Age Range,51-60 years,NA,,,NA,,NA,,NA,NA
2020-03-17,Age Range,61-70 years,NA,,,NA,,NA,,NA,NA
2020-03-17,Age Range,71-80 years,NA,,,NA,,NA,,NA,NA
2020-03-17,Age Range,81+ years,NA,,,NA,,NA,,NA,NA
2020-03-17,Age Range,Pending,NA,,,NA,,NA,,NA,NA
2020-03-18,Age Range,0-10 years,NA,,,NA,,NA,,NA,NA
2020-03-18,Age Range,11-20 years,NA,,,NA,,NA,,NA,NA
2020-03-18,Age Range,21-30 years,NA,,,NA,,NA,,NA,NA
2020-03-18,Age Range,31-40 years,NA,,,NA,,NA,,NA,NA
2020-03-18,Age Range,41-50 years,NA,,,NA,,NA,,NA,NA
2020-03-18,Age Range,51-60 years,NA,,,NA,,NA,,NA,NA
2020-03-18,Age Range,61-70 years,NA,,,NA,,NA,,NA,NA
2020-03-18,Age Range,71-80 years,NA,,,NA,,NA,,NA,NA
2020-03-18,Age Range,81+ years,NA,,,NA,,NA,,NA,NA
2020-03-18,Age Range,Pending,NA,,,NA,,NA,,NA,NA
2020-03-19,Age Range,0-10 years,NA,,,NA,,NA,,NA,NA
2020-03-19,Age Range,11-20 years,NA,,,NA,,NA,,NA,NA
2020-03-19,Age Range,21-30 years,NA,,,NA,,NA,,NA,NA
2020-03-19,Age Range,31-40 years,NA,,,NA,,NA,,NA,NA
2020-03-19,Age Range,41-50 years,NA,,,NA,,NA,,NA,NA
2020-03-19,Age Range,51-60 years,NA,,,NA,,NA,,NA,NA
2020-03-19,Age Range,61-70 years,NA,,,NA,,NA,,NA,NA
2020-03-19,Age Range,71-80 years,NA,,,NA,,NA,,NA,NA
2020-03-19,Age Range,81+ years,NA,,,NA,,NA,,NA,NA
2020-03-19,Age Range,Pending,NA,,,NA,,NA,,NA,NA
2020-03-20,Age Range,0-10 years,NA,,,NA,,NA,,NA,NA
2020-03-20,Age Range,11-20 years,NA,,,NA,,NA,,NA,NA
2020-03-20,Age Range,21-30 years,NA,,,NA,,NA,,NA,NA
2020-03-20,Age Range,31-40 years,NA,,,NA,,NA,,NA,NA
2020-03-20,Age Range,41-50 years,NA,,,NA,,NA,,NA,NA
2020-03-20,Age Range,51-60 years,NA,,,NA,,NA,,NA,NA
2020-03-20,Age Range,61-70 years,NA,,,NA,,NA,,NA,NA
2020-03-20,Age Range,71-80 years,NA,,,NA,,NA,,NA,NA
2020-03-20,Age Range,81+ years,NA,,,NA,,NA,,NA,NA
2020-03-20,Age Range,Pending,NA,,,NA,,NA,,NA,NA
2020-03-21,Age Range,0-10 years,NA,,,NA,,NA,,NA,NA
2020-03-21,Age Range,11-20 years,NA,,,NA,,NA,,NA,NA
2020-03-21,Age Range,21-30 years,NA,,,NA,,NA,,NA,NA
2020-03-21,Age Range,31-40 years,NA,,,NA,,NA,,NA,NA
2020-03-21,Age Range,41-50 years,NA,,,NA,,NA,,NA,NA
2020-03-21,Age Range,51-60 years,NA,,,NA,,NA,,NA,NA
2020-03-21,Age Range,61-70 years,NA,,,NA,,NA,,NA,NA
2020-03-21,Age Range,71-80 years,NA,,,NA,,NA,,NA,NA
2020-03-21,Age Range,81+ years,NA,,,NA,,NA,,NA,NA
2020-03-21,Age Range,Pending,NA,,,NA,,NA,,NA,NA
2020-03-22,Age Range,0-10 years,NA,,,NA,,NA,,NA,NA
2020-03-22,Age Range,11-20 years,NA,,,NA,,NA,,NA,NA
2020-03-22,Age Range,21-30 years,NA,,,NA,,NA,,NA,NA
2020-03-22,Age Range,31-40 years,NA,,,NA,,NA,,NA,NA
2020-03-22,Age Range,41-50 years,NA,,,NA,,NA,,NA,NA
2020-03-22,Age Range,51-60 years,NA,,,NA,,NA,,NA,NA
2020-03-22,Age Range,61-70 years,NA,,,NA,,NA,,NA,NA
2020-03-22,Age Range,71-80 years,NA,,,NA,,NA,,NA,NA
2020-03-22,Age Range,81+ years,NA,,,NA,,NA,,NA,NA
2020-03-22,Age Range,Pending,NA,,,NA,,NA,,NA,NA
2020-03-23,Age Range,0-10 years,NA,,,NA,,NA,,NA,NA
2020-03-23,Age Range,11-20 years,NA,,,NA,,NA,,NA,NA
2020-03-23,Age Range,21-30 years,NA,,,NA,,NA,,NA,NA
2020-03-23,Age Range,31-40 years,NA,,,NA,,NA,,NA,NA
2020-03-23,Age Range,41-50 years,NA,,,NA,,NA,,NA,NA
2020-03-23,Age Range,51-60 years,NA,,,NA,,NA,,NA,NA
2020-03-23,Age Range,61-70 years,NA,,,NA,,NA,,NA,NA
2020-03-23,Age Range,71-80 years,NA,,,NA,,NA,,NA,NA
2020-03-23,Age Range,81+ years,NA,,,NA,,NA,,NA,NA
2020-03-23,Age Range,Pending,NA,,,NA,,NA,,NA,NA
2020-03-24,Age Range,0-10 years,NA,,,NA,,NA,,NA,NA
2020-03-24,Age Range,11-20 years,NA,,,NA,,NA,,NA,NA
2020-03-24,Age Range,21-30 years,NA,,,NA,,NA,,NA,NA
2020-03-24,Age Range,31-40 years,NA,,,NA,,NA,,NA,NA
2020-03-24,Age Range,41-50 years,NA,,,NA,,NA,,NA,NA
2020-03-24,Age Range,51-60 years,NA,,,NA,,NA,,NA,NA
2020-03-24,Age Range,61-70 years,NA,,,NA,,NA,,NA,NA
2020-03-24,Age Range,71-80 years,NA,,,NA,,NA,,NA,NA
2020-03-24,Age Range,81+ years,NA,,,NA,,NA,,NA,NA
2020-03-24,Age Range,Pending,NA,,,NA,,NA,,NA,NA
2020-03-25,Age Range,0-10 years,NA,,,NA,,NA,,NA,NA
2020-03-25,Age Range,11-20 years,NA,,,NA,,NA,,NA,NA
2020-03-25,Age Range,21-30 years,NA,,,NA,,NA,,NA,NA
2020-03-25,Age Range,31-40 years,NA,,,NA,,NA,,NA,NA
2020-03-25,Age Range,41-50 years,NA,,,NA,,NA,,NA,NA
2020-03-25,Age Range,51-60 years,NA,,,NA,,NA,,NA,NA
2020-03-25,Age Range,61-70 years,NA,,,NA,,NA,,NA,NA
2020-03-25,Age Range,71-80 years,NA,,,NA,,NA,,NA,NA
2020-03-25,Age Range,81+ years,NA,,,NA,,NA,,NA,NA
2020-03-25,Age Range,Pending,NA,,,NA,,NA,,NA,NA
2020-03-26,Age Range,0-10 years,NA,,,NA,,NA,,NA,NA
2020-03-26,Age Range,11-20 years,NA,,,NA,,NA,,NA,NA
2020-03-26,Age Range,21-30 years,NA,,,NA,,NA,,NA,NA
2020-03-26,Age Range,31-40 years,NA,,,NA,,NA,,NA,NA
2020-03-26,Age Range,41-50 years,NA,,,NA,,NA,,NA,NA
2020-03-26,Age Range,51-60 years,NA,,,NA,,NA,,NA,NA
2020-03-26,Age Range,61-70 years,NA,,,NA,,NA,,NA,NA
2020-03-26,Age Range,71-80 years,NA,,,NA,,NA,,NA,NA
2020-03-26,Age Range,81+ years,NA,,,NA,,NA,,NA,NA
2020-03-26,Age Range,Pending,NA,,,NA,,NA,,NA,NA
2020-03-27,Age Range,0-10 years,NA,,,NA,,NA,,NA,NA
2020-03-27,Age Range,11-20 years,NA,,,NA,,NA,,NA,NA
2020-03-27,Age Range,21-30 years,NA,,,NA,,NA,,NA,NA
2020-03-27,Age Range,31-40 years,NA,,,NA,,NA,,NA,NA
2020-03-27,Age Range,41-50 years,NA,,,NA,,NA,,NA,NA
2020-03-27,Age Range,51-60 years,NA,,,NA,,NA,,NA,NA
2020-03-27,Age Range,61-70 years,NA,,,NA,,NA,,NA,NA
2020-03-27,Age Range,71-80 years,NA,,,NA,,NA,,NA,NA
2020-03-27,Age Range,81+ years,NA,,,NA,,NA,,NA,NA
2020-03-27,Age Range,Pending,NA,,,NA,,NA,,NA,NA
2020-03-28,Age Range,0-10 years,NA,,,NA,,NA,,NA,NA
2020-03-28,Age Range,11-20 years,NA,,,NA,,NA,,NA,NA
2020-03-28,Age Range,21-30 years,NA,,,NA,,NA,,NA,NA
2020-03-28,Age Range,31-40 years,NA,,,NA,,NA,,NA,NA
2020-03-28,Age Range,41-50 years,NA,,,NA,,NA,,NA,NA
2020-03-28,Age Range,51-60 years,NA,,,NA,,NA,,NA,NA
2020-03-28,Age Range,61-70 years,NA,,,NA,,NA,,NA,NA
2020-03-28,Age Range,71-80 years,NA,,,NA,,NA,,NA,NA
2020-03-28,Age Range,81+ years,NA,,,NA,,NA,,NA,NA
2020-03-28,Age Range,Pending,NA,,,NA,,NA,,NA,NA
2020-03-29,Age Range,0-10 years,NA,,,NA,,NA,,NA,NA
2020-03-29,Age Range,11-20 years,NA,,,NA,,NA,,NA,NA
2020-03-29,Age Range,21-30 years,NA,,,NA,,NA,,NA,NA
2020-03-29,Age Range,31-40 years,NA,,,NA,,NA,,NA,NA
2020-03-29,Age Range,41-50 years,NA,,,NA,,NA,,NA,NA
2020-03-29,Age Range,51-60 years,NA,,,NA,,NA,,NA,NA
2020-03-29,Age Range,61-70 years,NA,,,NA,,NA,,NA,NA
2020-03-29,Age Range,71-80 years,NA,,,NA,,NA,,NA,NA
2020-03-29,Age Range,81+ years,NA,,,NA,,NA,,NA,NA
2020-03-29,Age Range,Pending,NA,,,NA,,NA,,NA,NA
2020-03-30,Age Range,0-10 years,NA,,,NA,,NA,,NA,NA
2020-03-30,Age Range,11-20 years,NA,,,NA,,NA,,NA,NA
2020-03-30,Age Range,21-30 years,NA,,,NA,,NA,,NA,NA
2020-03-30,Age Range,31-40 years,NA,,,NA,,NA,,NA,NA
2020-03-30,Age Range,41-50 years,NA,,,NA,,NA,,NA,NA
2020-03-30,Age Range,51-60 years,NA,,,NA,,NA,,NA,NA
2020-03-30,Age Range,61-70 years,NA,,,NA,,NA,,NA,NA
2020-03-30,Age Range,71-80 years,NA,,,NA,,NA,,NA,NA
2020-03-30,Age Range,81+ years,NA,,,NA,,NA,,NA,NA
2020-03-30,Age Range,Pending,NA,,,NA,,NA,,NA,NA
2020-03-31,Age Range,0-10 years,NA,,,NA,,NA,,NA,NA
2020-03-31,Age Range,11-20 years,NA,,,NA,,NA,,NA,NA
2020-03-31,Age Range,21-30 years,NA,,,NA,,NA,,NA,NA
2020-03-31,Age Range,31-40 years,NA,,,NA,,NA,,NA,NA
2020-03-31,Age Range,41-50 years,NA,,,NA,,NA,,NA,NA
2020-03-31,Age Range,51-60 years,NA,,,NA,,NA,,NA,NA
2020-03-31,Age Range,61-70 years,NA,,,NA,,NA,,NA,NA
2020-03-31,Age Range,71-80 years,NA,,,NA,,NA,,NA,NA
2020-03-31,Age Range,81+ years,NA,,,NA,,NA,,NA,NA
2020-03-31,Age Range,Pending,NA,,,NA,,NA,,NA,NA
2020-04-01,Age Range,0-10 years,NA,,,NA,,NA,,NA,NA
2020-04-01,Age Range,11-20 years,NA,,,NA,,NA,,NA,NA
2020-04-01,Age Range,21-30 years,NA,,,NA,,NA,,NA,NA
2020-04-01,Age Range,31-40 years,NA,,,NA,,NA,,NA,NA
2020-04-01,Age Range,41-50 years,NA,,,NA,,NA,,NA,NA
2020-04-01,Age Range,51-60 years,NA,,,NA,,NA,,NA,NA
2020-04-01,Age Range,61-70 years,NA,,,NA,,NA,,NA,NA
2020-04-01,Age Range,71-80 years,NA,,,NA,,NA,,NA,NA
2020-04-01,Age Range,81+ years,NA,,,NA,,NA,,NA,NA
2020-04-01,Age Range,Pending,NA,,,NA,,NA,,NA,NA
2020-04-02,Age Range,0-10 years,NA,,,NA,,NA,,NA,NA
2020-04-02,Age Range,11-20 years,NA,,,NA,,NA,,NA,NA
2020-04-02,Age Range,21-30 years,NA,,,NA,,NA,,NA,NA
2020-04-02,Age Range,31-40 years,NA,,,NA,,NA,,NA,NA
2020-04-02,Age Range,41-50 years,NA,,,NA,,NA,,NA,NA
2020-04-02,Age Range,51-60 years,NA,,,NA,,NA,,NA,NA
2020-04-02,Age Range,61-70 years,NA,,,NA,,NA,,NA,NA
2020-04-02,Age Range,71-80 years,NA,,,NA,,NA,,NA,NA
2020-04-02,Age Range,81+ years,NA,,,NA,,NA,,NA,NA
2020-04-02,Age Range,Pending,NA,,,NA,,NA,,NA,NA
2020-04-03,Age Range,0-10 years,NA,,,NA,,NA,,NA,NA
2020-04-03,Age Range,11-20 years,NA,,,NA,,NA,,NA,NA
2020-04-03,Age Range,21-30 years,NA,,,NA,,NA,,NA,NA
2020-04-03,Age Range,31-40 years,NA,,,NA,,NA,,NA,NA
2020-04-03,Age Range,41-50 years,NA,,,NA,,NA,,NA,NA
2020-04-03,Age Range,51-60 years,NA,,,NA,,NA,,NA,NA
2020-04-03,Age Range,61-70 years,NA,,,NA,,NA,,NA,NA
2020-04-03,Age Range,71-80 years,NA,,,NA,,NA,,NA,NA
2020-04-03,Age Range,81+ years,NA,,,NA,,NA,,NA,NA
2020-04-03,Age Range,Pending,NA,,,NA,,NA,,NA,NA
2020-04-04,Age Range,0-10 years,NA,,,NA,,NA,,NA,NA
2020-04-04,Age Range,11-20 years,NA,,,NA,,NA,,NA,NA
2020-04-04,Age Range,21-30 years,NA,,,NA,,NA,,NA,NA
2020-04-04,Age Range,31-40 years,NA,,,NA,,NA,,NA,NA
2020-04-04,Age Range,41-50 years,NA,,,NA,,NA,,NA,NA
2020-04-04,Age Range,51-60 years,NA,,,NA,,NA,,NA,NA
2020-04-04,Age Range,61-70 years,NA,,,NA,,NA,,NA,NA
2020-04-04,Age Range,71-80 years,NA,,,NA,,NA,,NA,NA
2020-04-04,Age Range,81+ years,NA,,,NA,,NA,,NA,NA
2020-04-04,Age Range,Pending,NA,,,NA,,NA,,NA,NA
2020-04-05,Age Range,0-10 years,NA,,,NA,,NA,,NA,NA
2020-04-05,Age Range,11-20 years,NA,,,NA,,NA,,NA,NA
2020-04-05,Age Range,21-30 years,NA,,,NA,,NA,,NA,NA
2020-04-05,Age Range,31-40 years,NA,,,NA,,NA,,NA,NA
2020-04-05,Age Range,41-50 years,NA,,,NA,,NA,,NA,NA
2020-04-05,Age Range,51-60 years,NA,,,NA,,NA,,NA,NA
2020-04-05,Age Range,61-70 years,NA,,,NA,,NA,,NA,NA
2020-04-05,Age Range,71-80 years,NA,,,NA,,NA,,NA,NA
2020-04-05,Age Range,81+ years,NA,,,NA,,NA,,NA,NA
2020-04-05,Age Range,Pending,NA,,,NA,,NA,,NA,NA
2020-04-06,Age Range,0-10 years,3,3.53%,0.01%,NA,,NA,,NA,NA
2020-04-06,Age Range,11-20 years,2,2.35%,0.00%,NA,,NA,,NA,NA
2020-04-06,Age Range,21-30 years,6,7.06%,0.01%,NA,,NA,,NA,NA
2020-04-06,Age Range,31-40 years,7,8.24%,0.01%,NA,,NA,,NA,NA
2020-04-06,Age Range,41-50 years,16,18.82%,0.04%,NA,,NA,,NA,NA
2020-04-06,Age Range,51-60 years,18,21.18%,0.04%,NA,,NA,,NA,NA
2020-04-06,Age Range,61-70 years,17,20.00%,0.04%,NA,,NA,,NA,NA
2020-04-06,Age Range,71-80 years,8,9.41%,0.03%,NA,,NA,,NA,NA
2020-04-06,Age Range,81+ years,6,7.06%,0.04%,NA,,NA,,NA,NA
2020-04-06,Age Range,Pending,2,2.35%,,NA,,NA,,NA,NA
2020-04-07,Age Range,0-10 years,3,3.19%,0.01%,0,0.00%,NA,,NA,NA
2020-04-07,Age Range,11-20 years,2,2.13%,0.00%,0,0.00%,NA,,NA,NA
2020-04-07,Age Range,21-30 years,7,7.45%,0.01%,1,11.11%,NA,,NA,NA
2020-04-07,Age Range,31-40 years,10,10.64%,0.02%,3,33.33%,NA,,NA,NA
2020-04-07,Age Range,41-50 years,18,19.15%,0.04%,2,22.22%,NA,,NA,NA
2020-04-07,Age Range,51-60 years,21,22.34%,0.04%,3,33.33%,NA,,NA,NA
2020-04-07,Age Range,61-70 years,17,18.09%,0.04%,0,0.00%,NA,,NA,NA
2020-04-07,Age Range,71-80 years,9,9.57%,0.03%,1,11.11%,NA,,NA,NA
2020-04-07,Age Range,81+ years,7,7.45%,0.05%,1,11.11%,NA,,NA,NA
2020-04-07,Age Range,Pending,0,0.00%,,-2,-22.22%,NA,,NA,NA
2020-04-08,Age Range,0-10 years,3,3.09%,0.01%,0,0.00%,NA,,NA,NA
2020-04-08,Age Range,11-20 years,2,2.06%,0.00%,0,0.00%,NA,,NA,NA
2020-04-08,Age Range,21-30 years,6,6.19%,0.01%,-1,-33.33%,NA,,NA,NA
2020-04-08,Age Range,31-40 years,10,10.31%,0.02%,0,0.00%,NA,,NA,NA
2020-04-08,Age Range,41-50 years,19,19.59%,0.04%,1,33.33%,NA,,NA,NA
2020-04-08,Age Range,51-60 years,22,22.68%,0.05%,1,33.33%,NA,,NA,NA
2020-04-08,Age Range,61-70 years,18,18.56%,0.04%,1,33.33%,NA,,NA,NA
2020-04-08,Age Range,71-80 years,10,10.31%,0.03%,1,33.33%,NA,,NA,NA
2020-04-08,Age Range,81+ years,7,7.22%,0.05%,0,0.00%,NA,,NA,NA
2020-04-08,Age Range,Pending,0,0.00%,,0,0.00%,NA,,NA,NA
2020-04-09,Age Range,0-10 years,3,3.06%,0.01%,0,0.00%,NA,,NA,NA
2020-04-09,Age Range,11-20 years,2,2.04%,0.00%,0,0.00%,NA,,NA,NA
2020-04-09,Age Range,21-30 years,6,6.12%,0.01%,0,0.00%,NA,,NA,NA
2020-04-09,Age Range,31-40 years,10,10.20%,0.02%,0,0.00%,NA,,NA,NA
2020-04-09,Age Range,41-50 years,19,19.39%,0.04%,0,0.00%,NA,,NA,NA
2020-04-09,Age Range,51-60 years,22,22.45%,0.05%,0,0.00%,NA,,NA,NA
2020-04-09,Age Range,61-70 years,19,19.39%,0.04%,1,100.00%,NA,,NA,NA
2020-04-09,Age Range,71-80 years,10,10.20%,0.03%,0,0.00%,NA,,NA,NA
2020-04-09,Age Range,81+ years,7,7.14%,0.05%,0,0.00%,NA,,NA,NA
2020-04-09,Age Range,Pending,0,0.00%,,0,0.00%,NA,,NA,NA
2020-04-10,Age Range,0-10 years,NA,,,NA,,NA,,NA,NA
2020-04-10,Age Range,11-20 years,NA,,,NA,,NA,,NA,NA
2020-04-10,Age Range,21-30 years,NA,,,NA,,NA,,NA,NA
2020-04-10,Age Range,31-40 years,NA,,,NA,,NA,,NA,NA
2020-04-10,Age Range,41-50 years,NA,,,NA,,NA,,NA,NA
2020-04-10,Age Range,51-60 years,NA,,,NA,,NA,,NA,NA
2020-04-10,Age Range,61-70 years,NA,,,NA,,NA,,NA,NA
2020-04-10,Age Range,71-80 years,NA,,,NA,,NA,,NA,NA
2020-04-10,Age Range,81+ years,NA,,,NA,,NA,,NA,NA
2020-04-10,Age Range,Pending,NA,,,NA,,NA,,NA,NA
2020-04-11,Age Range,0-10 years,NA,,,NA,,NA,,NA,NA
2020-04-11,Age Range,11-20 years,NA,,,NA,,NA,,NA,NA
2020-04-11,Age Range,21-30 years,NA,,,NA,,NA,,NA,NA
2020-04-11,Age Range,31-40 years,NA,,,NA,,NA,,NA,NA
2020-04-11,Age Range,41-50 years,NA,,,NA,,NA,,NA,NA
2020-04-11,Age Range,51-60 years,NA,,,NA,,NA,,NA,NA
2020-04-11,Age Range,61-70 years,NA,,,NA,,NA,,NA,NA
2020-04-11,Age Range,71-80 years,NA,,,NA,,NA,,NA,NA
2020-04-11,Age Range,81+ years,NA,,,NA,,NA,,NA,NA
2020-04-11,Age Range,Pending,NA,,,NA,,NA,,NA,NA
2020-04-12,Age Range,0-10 years,NA,,,NA,,NA,,NA,NA
2020-04-12,Age Range,11-20 years,NA,,,NA,,NA,,NA,NA
2020-04-12,Age Range,21-30 years,NA,,,NA,,NA,,NA,NA
2020-04-12,Age Range,31-40 years,NA,,,NA,,NA,,NA,NA
2020-04-12,Age Range,41-50 years,NA,,,NA,,NA,,NA,NA
2020-04-12,Age Range,51-60 years,NA,,,NA,,NA,,NA,NA
2020-04-12,Age Range,61-70 years,NA,,,NA,,NA,,NA,NA
2020-04-12,Age Range,71-80 years,NA,,,NA,,NA,,NA,NA
2020-04-12,Age Range,81+ years,NA,,,NA,,NA,,NA,NA
2020-04-12,Age Range,Pending,NA,,,NA,,NA,,NA,NA
2020-04-13,Age Range,0-10 years,3,2.80%,0.01%,NA,,NA,,NA,NA
2020-04-13,Age Range,11-20 years,2,1.87%,0.00%,NA,,NA,,NA,NA
2020-04-13,Age Range,21-30 years,6,5.61%,0.01%,NA,,NA,,NA,NA
2020-04-13,Age Range,31-40 years,12,11.21%,0.02%,NA,,NA,,NA,NA
2020-04-13,Age Range,41-50 years,20,18.69%,0.04%,NA,,NA,,NA,NA
2020-04-13,Age Range,51-60 years,25,23.36%,0.05%,NA,,NA,,NA,NA
2020-04-13,Age Range,61-70 years,20,18.69%,0.05%,NA,,NA,,NA,NA
2020-04-13,Age Range,71-80 years,12,11.21%,0.04%,NA,,NA,,NA,NA
2020-04-13,Age Range,81+ years,7,6.54%,0.05%,NA,,NA,,NA,NA
2020-04-13,Age Range,Pending,0,0.00%,,NA,,NA,,NA,NA
2020-04-14,Age Range,0-10 years,3,2.75%,0.01%,0,0.00%,NA,,NA,NA
2020-04-14,Age Range,11-20 years,2,1.83%,0.00%,0,0.00%,NA,,NA,NA
2020-04-14,Age Range,21-30 years,6,5.50%,0.01%,0,0.00%,NA,,NA,NA
2020-04-14,Age Range,31-40 years,12,11.01%,0.02%,0,0.00%,NA,,NA,NA
2020-04-14,Age Range,41-50 years,22,20.18%,0.05%,2,100.00%,NA,,NA,NA
2020-04-14,Age Range,51-60 years,25,22.94%,0.05%,0,0.00%,NA,,NA,NA
2020-04-14,Age Range,61-70 years,20,18.35%,0.05%,0,0.00%,NA,,NA,NA
2020-04-14,Age Range,71-80 years,12,11.01%,0.04%,0,0.00%,NA,,NA,NA
2020-04-14,Age Range,81+ years,7,6.42%,0.05%,0,0.00%,NA,,NA,NA
2020-04-14,Age Range,Pending,0,0.00%,,0,0.00%,NA,,NA,NA
2020-04-15,Age Range,0-10 years,3,2.73%,0.01%,0,0.00%,NA,,NA,NA
2020-04-15,Age Range,11-20 years,2,1.82%,0.00%,0,0.00%,NA,,NA,NA
2020-04-15,Age Range,21-30 years,7,6.36%,0.01%,1,100.00%,NA,,NA,NA
2020-04-15,Age Range,31-40 years,12,10.91%,0.02%,0,0.00%,NA,,NA,NA
2020-04-15,Age Range,41-50 years,22,20.00%,0.05%,0,0.00%,NA,,NA,NA
2020-04-15,Age Range,51-60 years,25,22.73%,0.05%,0,0.00%,NA,,NA,NA
2020-04-15,Age Range,61-70 years,20,18.18%,0.05%,0,0.00%,NA,,NA,NA
2020-04-15,Age Range,71-80 years,12,10.91%,0.04%,0,0.00%,NA,,NA,NA
2020-04-15,Age Range,81+ years,7,6.36%,0.05%,0,0.00%,NA,,NA,NA
2020-04-15,Age Range,Pending,0,0.00%,,0,0.00%,NA,,NA,NA
2020-04-16,Age Range,0-10 years,3,2.68%,0.01%,0,0.00%,NA,,NA,NA
2020-04-16,Age Range,11-20 years,2,1.79%,0.00%,0,0.00%,NA,,NA,NA
2020-04-16,Age Range,21-30 years,7,6.25%,0.01%,0,0.00%,NA,,NA,NA
2020-04-16,Age Range,31-40 years,12,10.71%,0.02%,0,0.00%,NA,,NA,NA
2020-04-16,Age Range,41-50 years,22,19.64%,0.05%,0,0.00%,NA,,NA,NA
2020-04-16,Age Range,51-60 years,26,23.21%,0.06%,1,50.00%,NA,,NA,NA
2020-04-16,Age Range,61-70 years,21,18.75%,0.05%,1,50.00%,NA,,NA,NA
2020-04-16,Age Range,71-80 years,12,10.71%,0.04%,0,0.00%,NA,,NA,NA
2020-04-16,Age Range,81+ years,7,6.25%,0.05%,0,0.00%,NA,,NA,NA
2020-04-16,Age Range,Pending,0,0.00%,,0,0.00%,NA,,NA,NA
2020-04-17,Age Range,0-10 years,3,2.61%,0.01%,0,0.00%,NA,,NA,NA
2020-04-17,Age Range,11-20 years,2,1.74%,0.00%,0,0.00%,NA,,NA,NA
2020-04-17,Age Range,21-30 years,7,6.09%,0.01%,0,0.00%,NA,,NA,NA
2020-04-17,Age Range,31-40 years,13,11.30%,0.03%,1,33.33%,NA,,NA,NA
2020-04-17,Age Range,41-50 years,22,19.13%,0.05%,0,0.00%,NA,,NA,NA
2020-04-17,Age Range,51-60 years,27,23.48%,0.06%,1,33.33%,NA,,NA,NA
2020-04-17,Age Range,61-70 years,21,18.26%,0.05%,0,0.00%,NA,,NA,NA
2020-04-17,Age Range,71-80 years,13,11.30%,0.04%,1,33.33%,NA,,NA,NA
2020-04-17,Age Range,81+ years,7,6.09%,0.05%,0,0.00%,NA,,NA,NA
2020-04-17,Age Range,Pending,0,0.00%,,0,0.00%,NA,,NA,NA
2020-04-18,Age Range,0-10 years,NA,,,NA,,NA,,NA,NA
2020-04-18,Age Range,11-20 years,NA,,,NA,,NA,,NA,NA
2020-04-18,Age Range,21-30 years,NA,,,NA,,NA,,NA,NA
2020-04-18,Age Range,31-40 years,NA,,,NA,,NA,,NA,NA
2020-04-18,Age Range,41-50 years,NA,,,NA,,NA,,NA,NA
2020-04-18,Age Range,51-60 years,NA,,,NA,,NA,,NA,NA
2020-04-18,Age Range,61-70 years,NA,,,NA,,NA,,NA,NA
2020-04-18,Age Range,71-80 years,NA,,,NA,,NA,,NA,NA
2020-04-18,Age Range,81+ years,NA,,,NA,,NA,,NA,NA
2020-04-18,Age Range,Pending,NA,,,NA,,NA,,NA,NA
2020-04-19,Age Range,0-10 years,NA,,,NA,,NA,,NA,NA
2020-04-19,Age Range,11-20 years,NA,,,NA,,NA,,NA,NA
2020-04-19,Age Range,21-30 years,NA,,,NA,,NA,,NA,NA
2020-04-19,Age Range,31-40 years,NA,,,NA,,NA,,NA,NA
2020-04-19,Age Range,41-50 years,NA,,,NA,,NA,,NA,NA
2020-04-19,Age Range,51-60 years,NA,,,NA,,NA,,NA,NA
2020-04-19,Age Range,61-70 years,NA,,,NA,,NA,,NA,NA
2020-04-19,Age Range,71-80 years,NA,,,NA,,NA,,NA,NA
2020-04-19,Age Range,81+ years,NA,,,NA,,NA,,NA,NA
2020-04-19,Age Range,Pending,NA,,,NA,,NA,,NA,NA
2020-04-20,Age Range,0-10 years,3,2.48%,0.01%,NA,,NA,,NA,NA
2020-04-20,Age Range,11-20 years,2,1.65%,0.00%,NA,,NA,,NA,NA
2020-04-20,Age Range,21-30 years,8,6.61%,0.02%,NA,,NA,,NA,NA
2020-04-20,Age Range,31-40 years,14,11.57%,0.03%,NA,,NA,,NA,NA
2020-04-20,Age Range,41-50 years,22,18.18%,0.05%,NA,,NA,,NA,NA
2020-04-20,Age Range,51-60 years,29,23.97%,0.06%,NA,,NA,,NA,NA
2020-04-20,Age Range,61-70 years,23,19.01%,0.05%,NA,,NA,,NA,NA
2020-04-20,Age Range,71-80 years,13,10.74%,0.04%,NA,,NA,,NA,NA
2020-04-20,Age Range,81+ years,7,5.79%,0.05%,NA,,NA,,NA,NA
2020-04-20,Age Range,Pending,0,0.00%,,NA,,NA,,NA,NA
2020-04-21,Age Range,0-10 years,3,2.42%,0.01%,0,0.00%,NA,,NA,NA
2020-04-21,Age Range,11-20 years,2,1.61%,0.00%,0,0.00%,NA,,NA,NA
2020-04-21,Age Range,21-30 years,8,6.45%,0.02%,0,0.00%,NA,,NA,NA
2020-04-21,Age Range,31-40 years,15,12.10%,0.03%,1,33.33%,NA,,NA,NA
2020-04-21,Age Range,41-50 years,22,17.74%,0.05%,0,0.00%,NA,,NA,NA
2020-04-21,Age Range,51-60 years,29,23.39%,0.06%,0,0.00%,NA,,NA,NA
2020-04-21,Age Range,61-70 years,24,19.35%,0.06%,1,33.33%,NA,,NA,NA
2020-04-21,Age Range,71-80 years,13,10.48%,0.04%,0,0.00%,NA,,NA,NA
2020-04-21,Age Range,81+ years,8,6.45%,0.05%,1,33.33%,NA,,NA,NA
2020-04-21,Age Range,Pending,0,0.00%,,0,0.00%,NA,,NA,NA
2020-04-22,Age Range,0-10 years,3,2.34%,0.01%,0,0.00%,NA,,NA,NA
2020-04-22,Age Range,11-20 years,2,1.56%,0.00%,0,0.00%,NA,,NA,NA
2020-04-22,Age Range,21-30 years,8,6.25%,0.02%,0,0.00%,NA,,NA,NA
2020-04-22,Age Range,31-40 years,15,11.72%,0.03%,0,0.00%,NA,,NA,NA
2020-04-22,Age Range,41-50 years,22,17.19%,0.05%,0,0.00%,NA,,NA,NA
2020-04-22,Age Range,51-60 years,30,23.44%,0.06%,1,25.00%,NA,,NA,NA
2020-04-22,Age Range,61-70 years,26,20.31%,0.06%,2,50.00%,NA,,NA,NA
2020-04-22,Age Range,71-80 years,14,10.94%,0.05%,1,25.00%,NA,,NA,NA
2020-04-22,Age Range,81+ years,8,6.25%,0.05%,0,0.00%,NA,,NA,NA
2020-04-22,Age Range,Pending,0,0.00%,,0,0.00%,NA,,NA,NA
2020-04-23,Age Range,0-10 years,3,2.24%,0.01%,0,0.00%,NA,,NA,NA
2020-04-23,Age Range,11-20 years,4,2.99%,0.01%,2,33.33%,NA,,NA,NA
2020-04-23,Age Range,21-30 years,10,7.46%,0.02%,2,33.33%,NA,,NA,NA
2020-04-23,Age Range,31-40 years,16,11.94%,0.03%,1,16.67%,NA,,NA,NA
2020-04-23,Age Range,41-50 years,22,16.42%,0.05%,0,0.00%,NA,,NA,NA
2020-04-23,Age Range,51-60 years,31,23.13%,0.07%,1,16.67%,NA,,NA,NA
2020-04-23,Age Range,61-70 years,26,19.40%,0.06%,0,0.00%,NA,,NA,NA
2020-04-23,Age Range,71-80 years,14,10.45%,0.05%,0,0.00%,NA,,NA,NA
2020-04-23,Age Range,81+ years,8,5.97%,0.05%,0,0.00%,NA,,NA,NA
2020-04-23,Age Range,Pending,0,0.00%,,0,0.00%,NA,,NA,NA
2020-04-24,Age Range,0-10 years,4,2.84%,0.01%,1,14.29%,NA,,NA,NA
2020-04-24,Age Range,11-20 years,3,2.13%,0.01%,-1,-14.29%,NA,,NA,NA
2020-04-24,Age Range,21-30 years,12,8.51%,0.02%,2,28.57%,NA,,NA,NA
2020-04-24,Age Range,31-40 years,16,11.35%,0.03%,0,0.00%,NA,,NA,NA
2020-04-24,Age Range,41-50 years,25,17.73%,0.06%,3,42.86%,NA,,NA,NA
2020-04-24,Age Range,51-60 years,33,23.40%,0.07%,2,28.57%,NA,,NA,NA
2020-04-24,Age Range,61-70 years,26,18.44%,0.06%,0,0.00%,NA,,NA,NA
2020-04-24,Age Range,71-80 years,14,9.93%,0.05%,0,0.00%,NA,,NA,NA
2020-04-24,Age Range,81+ years,8,5.67%,0.05%,0,0.00%,NA,,NA,NA
2020-04-24,Age Range,Pending,0,0.00%,,0,0.00%,NA,,NA,NA
2020-04-25,Age Range,0-10 years,NA,,,NA,,NA,,NA,NA
2020-04-25,Age Range,11-20 years,NA,,,NA,,NA,,NA,NA
2020-04-25,Age Range,21-30 years,NA,,,NA,,NA,,NA,NA
2020-04-25,Age Range,31-40 years,NA,,,NA,,NA,,NA,NA
2020-04-25,Age Range,41-50 years,NA,,,NA,,NA,,NA,NA
2020-04-25,Age Range,51-60 years,NA,,,NA,,NA,,NA,NA
2020-04-25,Age Range,61-70 years,NA,,,NA,,NA,,NA,NA
2020-04-25,Age Range,71-80 years,NA,,,NA,,NA,,NA,NA
2020-04-25,Age Range,81+ years,NA,,,NA,,NA,,NA,NA
2020-04-25,Age Range,Pending,NA,,,NA,,NA,,NA,NA
2020-04-26,Age Range,0-10 years,NA,,,NA,,NA,,NA,NA
2020-04-26,Age Range,11-20 years,NA,,,NA,,NA,,NA,NA
2020-04-26,Age Range,21-30 years,NA,,,NA,,NA,,NA,NA
2020-04-26,Age Range,31-40 years,NA,,,NA,,NA,,NA,NA
2020-04-26,Age Range,41-50 years,NA,,,NA,,NA,,NA,NA
2020-04-26,Age Range,51-60 years,NA,,,NA,,NA,,NA,NA
2020-04-26,Age Range,61-70 years,NA,,,NA,,NA,,NA,NA
2020-04-26,Age Range,71-80 years,NA,,,NA,,NA,,NA,NA
2020-04-26,Age Range,81+ years,NA,,,NA,,NA,,NA,NA
2020-04-26,Age Range,Pending,NA,,,NA,,NA,,NA,NA
2020-04-27,Age Range,0-10 years,5,3.36%,0.01%,NA,,NA,,NA,NA
2020-04-27,Age Range,11-20 years,3,2.01%,0.01%,NA,,NA,,NA,NA
2020-04-27,Age Range,21-30 years,13,8.72%,0.03%,NA,,NA,,NA,NA
2020-04-27,Age Range,31-40 years,16,10.74%,0.03%,NA,,NA,,NA,NA
2020-04-27,Age Range,41-50 years,27,18.12%,0.06%,NA,,NA,,NA,NA
2020-04-27,Age Range,51-60 years,34,22.82%,0.07%,NA,,NA,,NA,NA
2020-04-27,Age Range,61-70 years,28,18.79%,0.06%,NA,,NA,,NA,NA
2020-04-27,Age Range,71-80 years,15,10.07%,0.05%,NA,,NA,,NA,NA
2020-04-27,Age Range,81+ years,8,5.37%,0.05%,NA,,NA,,NA,NA
2020-04-27,Age Range,Pending,0,0.00%,,NA,,NA,,NA,NA
2020-04-28,Age Range,0-10 years,5,3.29%,0.01%,0,0.00%,NA,,NA,NA
2020-04-28,Age Range,11-20 years,3,1.97%,0.01%,0,0.00%,NA,,NA,NA
2020-04-28,Age Range,21-30 years,13,8.55%,0.03%,0,0.00%,NA,,NA,NA
2020-04-28,Age Range,31-40 years,17,11.18%,0.04%,1,33.33%,NA,,NA,NA
2020-04-28,Age Range,41-50 years,27,17.76%,0.06%,0,0.00%,NA,,NA,NA
2020-04-28,Age Range,51-60 years,36,23.68%,0.08%,2,66.67%,NA,,NA,NA
2020-04-28,Age Range,61-70 years,28,18.42%,0.06%,0,0.00%,NA,,NA,NA
2020-04-28,Age Range,71-80 years,15,9.87%,0.05%,0,0.00%,NA,,NA,NA
2020-04-28,Age Range,81+ years,8,5.26%,0.05%,0,0.00%,NA,,NA,NA
2020-04-28,Age Range,Pending,0,0.00%,,0,0.00%,NA,,NA,NA
2020-04-29,Age Range,0-10 years,5,3.25%,0.01%,0,0.00%,NA,,NA,NA
2020-04-29,Age Range,11-20 years,3,1.95%,0.01%,0,0.00%,NA,,NA,NA
2020-04-29,Age Range,21-30 years,15,9.74%,0.03%,2,100.00%,NA,,NA,NA
2020-04-29,Age Range,31-40 years,17,11.04%,0.04%,0,0.00%,NA,,NA,NA
2020-04-29,Age Range,41-50 years,27,17.53%,0.06%,0,0.00%,NA,,NA,NA
2020-04-29,Age Range,51-60 years,36,23.38%,0.08%,0,0.00%,NA,,NA,NA
2020-04-29,Age Range,61-70 years,28,18.18%,0.06%,0,0.00%,NA,,NA,NA
2020-04-29,Age Range,71-80 years,15,9.74%,0.05%,0,0.00%,NA,,NA,NA
2020-04-29,Age Range,81+ years,8,5.19%,0.05%,0,0.00%,NA,,NA,NA
2020-04-29,Age Range,Pending,0,0.00%,,0,0.00%,NA,,NA,NA
2020-04-30,Age Range,0-10 years,5,3.16%,0.01%,0,0.00%,NA,,NA,NA
2020-04-30,Age Range,11-20 years,4,2.53%,0.01%,1,25.00%,NA,,NA,NA
2020-04-30,Age Range,21-30 years,15,9.49%,0.03%,0,0.00%,NA,,NA,NA
2020-04-30,Age Range,31-40 years,18,11.39%,0.04%,1,25.00%,NA,,NA,NA
2020-04-30,Age Range,41-50 years,27,17.09%,0.06%,0,0.00%,NA,,NA,NA
2020-04-30,Age Range,51-60 years,37,23.42%,0.08%,1,25.00%,NA,,NA,NA
2020-04-30,Age Range,61-70 years,28,17.72%,0.06%,0,0.00%,NA,,NA,NA
2020-04-30,Age Range,71-80 years,16,10.13%,0.05%,1,25.00%,NA,,NA,NA
2020-04-30,Age Range,81+ years,8,5.06%,0.05%,0,0.00%,NA,,NA,NA
2020-04-30,Age Range,Pending,0,0.00%,,0,0.00%,NA,,NA,NA
2020-05-01,Age Range,0-10 years,5,3.07%,0.01%,0,0.00%,NA,,NA,NA
2020-05-01,Age Range,11-20 years,4,2.45%,0.01%,0,0.00%,NA,,NA,NA
2020-05-01,Age Range,21-30 years,17,10.43%,0.03%,2,40.00%,NA,,NA,NA
2020-05-01,Age Range,31-40 years,20,12.27%,0.04%,2,40.00%,NA,,NA,NA
2020-05-01,Age Range,41-50 years,27,16.56%,0.06%,0,0.00%,NA,,NA,NA
2020-05-01,Age Range,51-60 years,37,22.70%,0.08%,0,0.00%,NA,,NA,NA
2020-05-01,Age Range,61-70 years,28,17.18%,0.06%,0,0.00%,NA,,NA,NA
2020-05-01,Age Range,71-80 years,17,10.43%,0.06%,1,20.00%,NA,,NA,NA
2020-05-01,Age Range,81+ years,8,4.91%,0.05%,0,0.00%,NA,,NA,NA
2020-05-01,Age Range,Pending,0,0.00%,,0,0.00%,NA,,NA,NA
2020-05-02,Age Range,0-10 years,NA,,,NA,,NA,,NA,NA
2020-05-02,Age Range,11-20 years,NA,,,NA,,NA,,NA,NA
2020-05-02,Age Range,21-30 years,NA,,,NA,,NA,,NA,NA
2020-05-02,Age Range,31-40 years,NA,,,NA,,NA,,NA,NA
2020-05-02,Age Range,41-50 years,NA,,,NA,,NA,,NA,NA
2020-05-02,Age Range,51-60 years,NA,,,NA,,NA,,NA,NA
2020-05-02,Age Range,61-70 years,NA,,,NA,,NA,,NA,NA
2020-05-02,Age Range,71-80 years,NA,,,NA,,NA,,NA,NA
2020-05-02,Age Range,81+ years,NA,,,NA,,NA,,NA,NA
2020-05-02,Age Range,Pending,NA,,,NA,,NA,,NA,NA
2020-05-03,Age Range,0-10 years,NA,,,NA,,NA,,NA,NA
2020-05-03,Age Range,11-20 years,NA,,,NA,,NA,,NA,NA
2020-05-03,Age Range,21-30 years,NA,,,NA,,NA,,NA,NA
2020-05-03,Age Range,31-40 years,NA,,,NA,,NA,,NA,NA
2020-05-03,Age Range,41-50 years,NA,,,NA,,NA,,NA,NA
2020-05-03,Age Range,51-60 years,NA,,,NA,,NA,,NA,NA
2020-05-03,Age Range,61-70 years,NA,,,NA,,NA,,NA,NA
2020-05-03,Age Range,71-80 years,NA,,,NA,,NA,,NA,NA
2020-05-03,Age Range,81+ years,NA,,,NA,,NA,,NA,NA
2020-05-03,Age Range,Pending,NA,,,NA,,NA,,NA,NA
2020-05-04,Age Range,0-10 years,5,2.75%,0.01%,NA,,NA,,NA,NA
2020-05-04,Age Range,11-20 years,4,2.20%,0.01%,NA,,NA,,NA,NA
2020-05-04,Age Range,21-30 years,22,12.09%,0.04%,NA,,NA,,NA,NA
2020-05-04,Age Range,31-40 years,21,11.54%,0.04%,NA,,NA,,NA,NA
2020-05-04,Age Range,41-50 years,31,17.03%,0.07%,NA,,NA,,NA,NA
2020-05-04,Age Range,51-60 years,42,23.08%,0.09%,NA,,NA,,NA,NA
2020-05-04,Age Range,61-70 years,31,17.03%,0.07%,NA,,NA,,NA,NA
2020-05-04,Age Range,71-80 years,18,9.89%,0.06%,NA,,NA,,NA,NA
2020-05-04,Age Range,81+ years,8,4.40%,0.05%,NA,,NA,,NA,NA
2020-05-04,Age Range,Pending,0,0.00%,,NA,,NA,,NA,NA
2020-05-05,Age Range,0-10 years,5,2.60%,0.01%,0,0.00%,NA,,NA,NA
2020-05-05,Age Range,11-20 years,8,4.17%,0.02%,4,40.00%,NA,,NA,NA
2020-05-05,Age Range,21-30 years,24,12.50%,0.05%,2,20.00%,NA,,NA,NA
2020-05-05,Age Range,31-40 years,25,13.02%,0.05%,4,40.00%,NA,,NA,NA
2020-05-05,Age Range,41-50 years,31,16.15%,0.07%,0,0.00%,NA,,NA,NA
2020-05-05,Age Range,51-60 years,42,21.88%,0.09%,0,0.00%,NA,,NA,NA
2020-05-05,Age Range,61-70 years,31,16.15%,0.07%,0,0.00%,NA,,NA,NA
2020-05-05,Age Range,71-80 years,18,9.38%,0.06%,0,0.00%,NA,,NA,NA
2020-05-05,Age Range,81+ years,8,4.17%,0.05%,0,0.00%,NA,,NA,NA
2020-05-05,Age Range,Pending,0,0.00%,,0,0.00%,NA,,NA,NA
2020-05-06,Age Range,0-10 years,11,5.16%,0.03%,6,28.57%,NA,,NA,NA
2020-05-06,Age Range,11-20 years,12,5.63%,0.03%,4,19.05%,NA,,NA,NA
2020-05-06,Age Range,21-30 years,28,13.15%,0.06%,4,19.05%,NA,,NA,NA
2020-05-06,Age Range,31-40 years,29,13.62%,0.06%,4,19.05%,NA,,NA,NA
2020-05-06,Age Range,41-50 years,33,15.49%,0.07%,2,9.52%,NA,,NA,NA
2020-05-06,Age Range,51-60 years,42,19.72%,0.09%,0,0.00%,NA,,NA,NA
2020-05-06,Age Range,61-70 years,32,15.02%,0.07%,1,4.76%,NA,,NA,NA
2020-05-06,Age Range,71-80 years,18,8.45%,0.06%,0,0.00%,NA,,NA,NA
2020-05-06,Age Range,81+ years,8,3.76%,0.05%,0,0.00%,NA,,NA,NA
2020-05-06,Age Range,Pending,0,0.00%,,0,0.00%,NA,,NA,NA
2020-05-07,Age Range,0-10 years,11,4.70%,0.03%,0,0.00%,NA,,NA,NA
2020-05-07,Age Range,11-20 years,14,5.98%,0.03%,2,9.52%,NA,,NA,NA
2020-05-07,Age Range,21-30 years,29,12.39%,0.06%,1,4.76%,NA,,NA,NA
2020-05-07,Age Range,31-40 years,31,13.25%,0.06%,2,9.52%,NA,,NA,NA
2020-05-07,Age Range,41-50 years,35,14.96%,0.08%,2,9.52%,NA,,NA,NA
2020-05-07,Age Range,51-60 years,43,18.38%,0.09%,1,4.76%,NA,,NA,NA
2020-05-07,Age Range,61-70 years,34,14.53%,0.08%,2,9.52%,NA,,NA,NA
2020-05-07,Age Range,71-80 years,18,7.69%,0.06%,0,0.00%,NA,,NA,NA
2020-05-07,Age Range,81+ years,8,3.42%,0.05%,0,0.00%,NA,,NA,NA
2020-05-07,Age Range,Pending,11,4.70%,,11,52.38%,NA,,NA,NA
2020-05-08,Age Range,0-10 years,14,5.83%,0.03%,3,50.00%,NA,,NA,NA
2020-05-08,Age Range,11-20 years,17,7.08%,0.04%,3,50.00%,NA,,NA,NA
2020-05-08,Age Range,21-30 years,32,13.33%,0.06%,3,50.00%,NA,,NA,NA
2020-05-08,Age Range,31-40 years,35,14.58%,0.07%,4,66.67%,NA,,NA,NA
2020-05-08,Age Range,41-50 years,38,15.83%,0.08%,3,50.00%,NA,,NA,NA
2020-05-08,Age Range,51-60 years,44,18.33%,0.09%,1,16.67%,NA,,NA,NA
2020-05-08,Age Range,61-70 years,34,14.17%,0.08%,0,0.00%,NA,,NA,NA
2020-05-08,Age Range,71-80 years,18,7.50%,0.06%,0,0.00%,NA,,NA,NA
2020-05-08,Age Range,81+ years,8,3.33%,0.05%,0,0.00%,NA,,NA,NA
2020-05-08,Age Range,Pending,0,0.00%,,-11,-183.33%,NA,,NA,NA
2020-05-09,Age Range,0-10 years,NA,,,NA,,NA,,NA,NA
2020-05-09,Age Range,11-20 years,NA,,,NA,,NA,,NA,NA
2020-05-09,Age Range,21-30 years,NA,,,NA,,NA,,NA,NA
2020-05-09,Age Range,31-40 years,NA,,,NA,,NA,,NA,NA
2020-05-09,Age Range,41-50 years,NA,,,NA,,NA,,NA,NA
2020-05-09,Age Range,51-60 years,NA,,,NA,,NA,,NA,NA
2020-05-09,Age Range,61-70 years,NA,,,NA,,NA,,NA,NA
2020-05-09,Age Range,71-80 years,NA,,,NA,,NA,,NA,NA
2020-05-09,Age Range,81+ years,NA,,,NA,,NA,,NA,NA
2020-05-09,Age Range,Pending,NA,,,NA,,NA,,NA,NA
2020-05-10,Age Range,0-10 years,NA,,,NA,,NA,,NA,NA
2020-05-10,Age Range,11-20 years,NA,,,NA,,NA,,NA,NA
2020-05-10,Age Range,21-30 years,NA,,,NA,,NA,,NA,NA
2020-05-10,Age Range,31-40 years,NA,,,NA,,NA,,NA,NA
2020-05-10,Age Range,41-50 years,NA,,,NA,,NA,,NA,NA
2020-05-10,Age Range,51-60 years,NA,,,NA,,NA,,NA,NA
2020-05-10,Age Range,61-70 years,NA,,,NA,,NA,,NA,NA
2020-05-10,Age Range,71-80 years,NA,,,NA,,NA,,NA,NA
2020-05-10,Age Range,81+ years,NA,,,NA,,NA,,NA,NA
2020-05-10,Age Range,Pending,NA,,,NA,,NA,,NA,NA
2020-05-11,Age Range,0-10 years,14,5.47%,0.03%,NA,,1,7.69%,NA,NA
2020-05-11,Age Range,11-20 years,18,7.03%,0.04%,NA,,0,0.00%,NA,NA
2020-05-11,Age Range,21-30 years,35,13.67%,0.07%,NA,,0,0.00%,NA,NA
2020-05-11,Age Range,31-40 years,42,16.41%,0.09%,NA,,0,0.00%,NA,NA
2020-05-11,Age Range,41-50 years,41,16.02%,0.09%,NA,,1,7.69%,NA,NA
2020-05-11,Age Range,51-60 years,47,18.36%,0.10%,NA,,0,0.00%,NA,NA
2020-05-11,Age Range,61-70 years,33,12.89%,0.08%,NA,,5,38.46%,NA,NA
2020-05-11,Age Range,71-80 years,18,7.03%,0.06%,NA,,5,38.46%,NA,NA
2020-05-11,Age Range,81+ years,8,3.13%,0.05%,NA,,1,7.69%,NA,NA
2020-05-11,Age Range,Pending,0,0.00%,,NA,,0,0.00%,NA,NA
2020-05-12,Age Range,0-10 years,16,5.95%,0.04%,2,15.38%,1,7.69%,0,NA
2020-05-12,Age Range,11-20 years,21,7.81%,0.05%,3,23.08%,0,0.00%,0,NA
2020-05-12,Age Range,21-30 years,36,13.38%,0.07%,1,7.69%,0,0.00%,0,NA
2020-05-12,Age Range,31-40 years,45,16.73%,0.09%,3,23.08%,0,0.00%,0,NA
2020-05-12,Age Range,41-50 years,44,16.36%,0.10%,3,23.08%,1,7.69%,0,NA
2020-05-12,Age Range,51-60 years,47,17.47%,0.10%,0,0.00%,0,0.00%,0,NA
2020-05-12,Age Range,61-70 years,33,12.27%,0.08%,0,0.00%,5,38.46%,0,NA
2020-05-12,Age Range,71-80 years,19,7.06%,0.06%,1,7.69%,5,38.46%,0,NA
2020-05-12,Age Range,81+ years,8,2.97%,0.05%,0,0.00%,1,7.69%,0,NA
2020-05-12,Age Range,Pending,0,0.00%,,0,0.00%,0,0.00%,0,NA
2020-05-13,Age Range,0-10 years,24,7.74%,0.06%,8,19.51%,1,7.69%,0,NA
2020-05-13,Age Range,11-20 years,24,7.74%,0.06%,3,7.32%,0,0.00%,0,NA
2020-05-13,Age Range,21-30 years,48,15.48%,0.10%,12,29.27%,0,0.00%,0,NA
2020-05-13,Age Range,31-40 years,56,18.06%,0.12%,11,26.83%,0,0.00%,0,NA
2020-05-13,Age Range,41-50 years,50,16.13%,0.11%,6,14.63%,1,7.69%,0,NA
2020-05-13,Age Range,51-60 years,47,15.16%,0.10%,0,0.00%,0,0.00%,0,NA
2020-05-13,Age Range,61-70 years,34,10.97%,0.08%,1,2.44%,5,38.46%,0,NA
2020-05-13,Age Range,71-80 years,19,6.13%,0.06%,0,0.00%,5,38.46%,0,NA
2020-05-13,Age Range,81+ years,8,2.58%,0.05%,0,0.00%,1,7.69%,0,NA
2020-05-13,Age Range,Pending,0,0.00%,,0,0.00%,0,0.00%,0,NA
2020-05-14,Age Range,0-10 years,26,7.98%,0.06%,2,12.50%,1,7.69%,0,NA
2020-05-14,Age Range,11-20 years,28,8.59%,0.06%,4,25.00%,0,0.00%,0,NA
2020-05-14,Age Range,21-30 years,49,15.03%,0.10%,1,6.25%,0,0.00%,0,NA
2020-05-14,Age Range,31-40 years,59,18.10%,0.12%,3,18.75%,0,0.00%,0,NA
2020-05-14,Age Range,41-50 years,53,16.26%,0.12%,3,18.75%,1,7.69%,0,NA
2020-05-14,Age Range,51-60 years,48,14.72%,0.10%,1,6.25%,0,0.00%,0,NA
2020-05-14,Age Range,61-70 years,34,10.43%,0.08%,0,0.00%,5,38.46%,0,NA
2020-05-14,Age Range,71-80 years,19,5.83%,0.06%,0,0.00%,5,38.46%,0,NA
2020-05-14,Age Range,81+ years,8,2.45%,0.05%,0,0.00%,1,7.69%,0,NA
2020-05-14,Age Range,Pending,2,0.61%,,2,12.50%,0,0.00%,0,NA
2020-05-15,Age Range,0-10 years,25,7.31%,0.06%,-1,-6.25%,1,7.69%,0,NA
2020-05-15,Age Range,11-20 years,30,8.77%,0.07%,2,12.50%,0,0.00%,0,NA
2020-05-15,Age Range,21-30 years,49,14.33%,0.10%,0,0.00%,0,0.00%,0,NA
2020-05-15,Age Range,31-40 years,59,17.25%,0.12%,0,0.00%,0,0.00%,0,NA
2020-05-15,Age Range,41-50 years,53,15.50%,0.12%,0,0.00%,1,7.69%,0,NA
2020-05-15,Age Range,51-60 years,51,14.91%,0.11%,3,18.75%,0,0.00%,0,NA
2020-05-15,Age Range,61-70 years,34,9.94%,0.08%,0,0.00%,5,38.46%,0,NA
2020-05-15,Age Range,71-80 years,19,5.56%,0.06%,0,0.00%,5,38.46%,0,NA
2020-05-15,Age Range,81+ years,8,2.34%,0.05%,0,0.00%,1,7.69%,0,NA
2020-05-15,Age Range,Pending,14,4.09%,,12,75.00%,0,0.00%,0,NA
2020-05-16,Age Range,0-10 years,NA,,,NA,,NA,,NA,NA
2020-05-16,Age Range,11-20 years,NA,,,NA,,NA,,NA,NA
2020-05-16,Age Range,21-30 years,NA,,,NA,,NA,,NA,NA
2020-05-16,Age Range,31-40 years,NA,,,NA,,NA,,NA,NA
2020-05-16,Age Range,41-50 years,NA,,,NA,,NA,,NA,NA
2020-05-16,Age Range,51-60 years,NA,,,NA,,NA,,NA,NA
2020-05-16,Age Range,61-70 years,NA,,,NA,,NA,,NA,NA
2020-05-16,Age Range,71-80 years,NA,,,NA,,NA,,NA,NA
2020-05-16,Age Range,81+ years,NA,,,NA,,NA,,NA,NA
2020-05-16,Age Range,Pending,NA,,,NA,,NA,,NA,NA
2020-05-17,Age Range,0-10 years,NA,,,NA,,NA,,NA,NA
2020-05-17,Age Range,11-20 years,NA,,,NA,,NA,,NA,NA
2020-05-17,Age Range,21-30 years,NA,,,NA,,NA,,NA,NA
2020-05-17,Age Range,31-40 years,NA,,,NA,,NA,,NA,NA
2020-05-17,Age Range,41-50 years,NA,,,NA,,NA,,NA,NA
2020-05-17,Age Range,51-60 years,NA,,,NA,,NA,,NA,NA
2020-05-17,Age Range,61-70 years,NA,,,NA,,NA,,NA,NA
2020-05-17,Age Range,71-80 years,NA,,,NA,,NA,,NA,NA
2020-05-17,Age Range,81+ years,NA,,,NA,,NA,,NA,NA
2020-05-17,Age Range,Pending,NA,,,NA,,NA,,NA,NA
2020-05-18,Age Range,0-10 years,26,6.91%,0.06%,NA,,1,7.69%,NA,NA
2020-05-18,Age Range,11-20 years,35,9.31%,0.08%,NA,,0,0.00%,NA,NA
2020-05-18,Age Range,21-30 years,58,15.43%,0.12%,NA,,0,0.00%,NA,NA
2020-05-18,Age Range,31-40 years,68,18.09%,0.14%,NA,,0,0.00%,NA,NA
2020-05-18,Age Range,41-50 years,61,16.22%,0.14%,NA,,1,7.69%,NA,NA
2020-05-18,Age Range,51-60 years,54,14.36%,0.11%,NA,,0,0.00%,NA,NA
2020-05-18,Age Range,61-70 years,36,9.57%,0.08%,NA,,5,38.46%,NA,NA
2020-05-18,Age Range,71-80 years,19,5.05%,0.06%,NA,,5,38.46%,NA,NA
2020-05-18,Age Range,81+ years,8,2.13%,0.05%,NA,,1,7.69%,NA,NA
2020-05-18,Age Range,Pending,11,2.93%,,NA,,0,0.00%,NA,NA
2020-05-19,Age Range,0-10 years,27,6.68%,0.06%,1,3.57%,1,7.69%,0,NA
2020-05-19,Age Range,11-20 years,38,9.41%,0.09%,3,10.71%,0,0.00%,0,NA
2020-05-19,Age Range,21-30 years,66,16.34%,0.13%,8,28.57%,0,0.00%,0,NA
2020-05-19,Age Range,31-40 years,78,19.31%,0.16%,10,35.71%,0,0.00%,0,NA
2020-05-19,Age Range,41-50 years,70,17.33%,0.16%,9,32.14%,1,7.69%,0,NA
2020-05-19,Age Range,51-60 years,54,13.37%,0.11%,0,0.00%,0,0.00%,0,NA
2020-05-19,Age Range,61-70 years,38,9.41%,0.09%,2,7.14%,5,38.46%,0,NA
2020-05-19,Age Range,71-80 years,19,4.70%,0.06%,0,0.00%,5,38.46%,0,NA
2020-05-19,Age Range,81+ years,8,1.98%,0.05%,0,0.00%,1,7.69%,0,NA
2020-05-19,Age Range,Pending,6,1.49%,,-5,-17.86%,0,0.00%,0,NA
2020-05-20,Age Range,0-10 years,33,7.38%,0.08%,6,13.95%,1,7.69%,0,NA
2020-05-20,Age Range,11-20 years,44,9.84%,0.10%,6,13.95%,0,0.00%,0,NA
2020-05-20,Age Range,21-30 years,75,16.78%,0.15%,9,20.93%,0,0.00%,0,NA
2020-05-20,Age Range,31-40 years,85,19.02%,0.18%,7,16.28%,0,0.00%,0,NA
2020-05-20,Age Range,41-50 years,75,16.78%,0.17%,5,11.63%,1,7.69%,0,NA
2020-05-20,Age Range,51-60 years,60,13.42%,0.13%,6,13.95%,0,0.00%,0,NA
2020-05-20,Age Range,61-70 years,41,9.17%,0.09%,3,6.98%,5,38.46%,0,NA
2020-05-20,Age Range,71-80 years,19,4.25%,0.06%,0,0.00%,5,38.46%,0,NA
2020-05-20,Age Range,81+ years,8,1.79%,0.05%,0,0.00%,1,7.69%,0,NA
2020-05-20,Age Range,Pending,7,1.57%,,1,2.33%,0,0.00%,0,NA
2020-05-21,Age Range,0-10 years,38,7.80%,0.09%,5,12.50%,1,7.69%,0,NA
2020-05-21,Age Range,11-20 years,53,10.88%,0.12%,9,22.50%,0,0.00%,0,NA
2020-05-21,Age Range,21-30 years,85,17.45%,0.17%,10,25.00%,0,0.00%,0,NA
2020-05-21,Age Range,31-40 years,89,18.28%,0.19%,4,10.00%,0,0.00%,0,NA
2020-05-21,Age Range,41-50 years,80,16.43%,0.18%,5,12.50%,1,7.69%,0,NA
2020-05-21,Age Range,51-60 years,63,12.94%,0.13%,3,7.50%,0,0.00%,0,NA
2020-05-21,Age Range,61-70 years,43,8.83%,0.10%,2,5.00%,5,38.46%,0,NA
2020-05-21,Age Range,71-80 years,19,3.90%,0.06%,0,0.00%,5,38.46%,0,NA
2020-05-21,Age Range,81+ years,9,1.85%,0.06%,1,2.50%,1,7.69%,0,NA
2020-05-21,Age Range,Pending,8,1.64%,,1,2.50%,0,0.00%,0,NA
2020-05-22,Age Range,0-10 years,46,8.66%,0.11%,8,18.18%,1,7.69%,0,NA
2020-05-22,Age Range,11-20 years,61,11.49%,0.14%,8,18.18%,0,0.00%,0,NA
2020-05-22,Age Range,21-30 years,92,17.33%,0.18%,7,15.91%,0,0.00%,0,NA
2020-05-22,Age Range,31-40 years,102,19.21%,0.21%,13,29.55%,0,0.00%,0,NA
2020-05-22,Age Range,41-50 years,88,16.57%,0.19%,8,18.18%,1,7.69%,0,NA
2020-05-22,Age Range,51-60 years,63,11.86%,0.13%,0,0.00%,0,0.00%,0,NA
2020-05-22,Age Range,61-70 years,44,8.29%,0.10%,1,2.27%,5,38.46%,0,NA
2020-05-22,Age Range,71-80 years,20,3.77%,0.07%,1,2.27%,5,38.46%,0,NA
2020-05-22,Age Range,81+ years,9,1.69%,0.06%,0,0.00%,1,7.69%,0,NA
2020-05-22,Age Range,Pending,6,1.13%,,-2,-4.55%,0,0.00%,0,NA
2020-05-23,Age Range,0-10 years,NA,,,NA,,NA,,NA,NA
2020-05-23,Age Range,11-20 years,NA,,,NA,,NA,,NA,NA
2020-05-23,Age Range,21-30 years,NA,,,NA,,NA,,NA,NA
2020-05-23,Age Range,31-40 years,NA,,,NA,,NA,,NA,NA
2020-05-23,Age Range,41-50 years,NA,,,NA,,NA,,NA,NA
2020-05-23,Age Range,51-60 years,NA,,,NA,,NA,,NA,NA
2020-05-23,Age Range,61-70 years,NA,,,NA,,NA,,NA,NA
2020-05-23,Age Range,71-80 years,NA,,,NA,,NA,,NA,NA
2020-05-23,Age Range,81+ years,NA,,,NA,,NA,,NA,NA
2020-05-23,Age Range,Pending,NA,,,NA,,NA,,NA,NA
2020-05-24,Age Range,0-10 years,NA,,,NA,,NA,,NA,NA
2020-05-24,Age Range,11-20 years,NA,,,NA,,NA,,NA,NA
2020-05-24,Age Range,21-30 years,NA,,,NA,,NA,,NA,NA
2020-05-24,Age Range,31-40 years,NA,,,NA,,NA,,NA,NA
2020-05-24,Age Range,41-50 years,NA,,,NA,,NA,,NA,NA
2020-05-24,Age Range,51-60 years,NA,,,NA,,NA,,NA,NA
2020-05-24,Age Range,61-70 years,NA,,,NA,,NA,,NA,NA
2020-05-24,Age Range,71-80 years,NA,,,NA,,NA,,NA,NA
2020-05-24,Age Range,81+ years,NA,,,NA,,NA,,NA,NA
2020-05-24,Age Range,Pending,NA,,,NA,,NA,,NA,NA
2020-05-25,Age Range,0-10 years,NA,,,NA,,NA,,NA,NA
2020-05-25,Age Range,11-20 years,NA,,,NA,,NA,,NA,NA
2020-05-25,Age Range,21-30 years,NA,,,NA,,NA,,NA,NA
2020-05-25,Age Range,31-40 years,NA,,,NA,,NA,,NA,NA
2020-05-25,Age Range,41-50 years,NA,,,NA,,NA,,NA,NA
2020-05-25,Age Range,51-60 years,NA,,,NA,,NA,,NA,NA
2020-05-25,Age Range,61-70 years,NA,,,NA,,NA,,NA,NA
2020-05-25,Age Range,71-80 years,NA,,,NA,,NA,,NA,NA
2020-05-25,Age Range,81+ years,NA,,,NA,,NA,,NA,NA
2020-05-25,Age Range,Pending,NA,,,NA,,NA,,NA,NA
2020-05-26,Age Range,0-10 years,69,9.62%,0.16%,NA,,1,6.67%,NA,NA
2020-05-26,Age Range,11-20 years,83,11.58%,0.19%,NA,,0,0.00%,NA,NA
2020-05-26,Age Range,21-30 years,121,16.88%,0.24%,NA,,0,0.00%,NA,NA
2020-05-26,Age Range,31-40 years,168,23.43%,0.35%,NA,,0,0.00%,NA,NA
2020-05-26,Age Range,41-50 years,107,14.92%,0.24%,NA,,1,6.67%,NA,NA
2020-05-26,Age Range,51-60 years,76,10.60%,0.16%,NA,,1,6.67%,NA,NA
2020-05-26,Age Range,61-70 years,51,7.11%,0.12%,NA,,5,33.33%,NA,NA
2020-05-26,Age Range,71-80 years,22,3.07%,0.07%,NA,,5,33.33%,NA,NA
2020-05-26,Age Range,81+ years,11,1.53%,0.07%,NA,,2,13.33%,NA,NA
2020-05-26,Age Range,Pending,9,1.26%,,NA,,0,0.00%,NA,NA
2020-05-27,Age Range,0-10 years,76,9.84%,0.18%,7,12.73%,1,6.67%,0,NA
2020-05-27,Age Range,11-20 years,91,11.79%,0.21%,8,14.55%,0,0.00%,0,NA
2020-05-27,Age Range,21-30 years,134,17.36%,0.27%,13,23.64%,0,0.00%,0,NA
2020-05-27,Age Range,31-40 years,187,24.22%,0.39%,19,34.55%,0,0.00%,0,NA
2020-05-27,Age Range,41-50 years,110,14.25%,0.24%,3,5.45%,1,6.67%,0,NA
2020-05-27,Age Range,51-60 years,81,10.49%,0.17%,5,9.09%,1,6.67%,0,NA
2020-05-27,Age Range,61-70 years,51,6.61%,0.12%,0,0.00%,5,33.33%,0,NA
2020-05-27,Age Range,71-80 years,22,2.85%,0.07%,0,0.00%,5,33.33%,0,NA
2020-05-27,Age Range,81+ years,11,1.42%,0.07%,0,0.00%,2,13.33%,0,NA
2020-05-27,Age Range,Pending,9,1.17%,,0,0.00%,0,0.00%,0,NA
