FID,OBJECTID_1,Join_Count,TARGET_FID,OBJECTID,LOCNUM,CONAME,STREET,CITY,STATE,STATE_NAME,ZIP,ZIP4,NAICS,SIC,SALESVOL,HDBRCH,ULTNUM,PUBPRV,EMPNUM,FRNCOD,ISCODE,SQFTCODE,LOC_NAME,COUNTY
0,1,1,0,1,177308749,BAPTIST MEMORIAL HOSP FOR WMN,HUMPHREYS BLVD,MEMPHIS,TN,Tennessee,38120,2373,62211002,806202,0,3,525930350, ,498,HTW,D,8,PointAddress,Shelby
1,2,1,1,2,001234764,BAPTIST MEMORIAL HOSP-CARROLL,RB WILSON DR,HUNTINGDON,TN,Tennessee,38344,1727,62211002,806202,0,3,525930350, ,146,EHN,B,8,PointAddress,Carroll
2,3,1,2,3,561260266,BAPTIST MEMORIAL HOSP-CLLRVLL,W POPLAR AVE,COLLIERVILLE,TN,Tennessee,38017,0601,62211002,806202,0,3,525930350, ,284,EHNT,C,8,PointAddress,Shelby
3,4,1,3,4,875573438,BAPTIST MEMORIAL HOSP-MEMPHIS,WALNUT GROVE RD,MEMPHIS,TN,Tennessee,38120,2113,62211002,806202,0,3,525930350, ,2667,EHNT,H,1,PointAddress,Shelby
4,5,1,4,5,001233105,BAPTIST MEMORIAL HOSP-TIPTON,HIGHWAY 51 S,COVINGTON,TN,Tennessee,38019,3635,62211002,806202,0,3,525930350, ,263,EHN,B,8,PointAddress,Tipton
5,6,1,5,6,434145285,BAPTIST MEMORIAL HOSP-UNION,BISHOP ST,UNION CITY,TN,Tennessee,38261,5403,62211002,806202,0,3,525930350, ,320,EFH,C,8,StreetAddress,Obion
6,7,1,6,7,706299671,BAPTIST MEMORIAL REHAB HOSP,S GERMANTOWN RD,GERMANTOWN,TN,Tennessee,38138,2226,62211002,806202,0,3,525930350, ,413,FR,B,8,PointAddress,Shelby
7,8,1,7,8,258693019,BAPTIST MEMORIAL RESTORATIVE,WALNUT GROVE RD,MEMPHIS,TN,Tennessee,38120,2113,62211002,806202,0,3,525930350, ,79,LN,B,8,PointAddress,Shelby
8,9,1,8,9,413141490,BAPTIST REHABILITATION-GRMNTWN,EXETER RD,GERMANTOWN,TN,Tennessee,38138,3966,62211002,806202,0,3,525930350, ,176,NR,C,8,PointAddress,Shelby
9,10,1,9,10,607134285,BEHAVIORAL HEALTH CARE CTR,HANNINGS LN,MARTIN,TN,Tennessee,38237,3308,62211002,806202,0,3,717851367, ,34,FP,A,7,PointAddress,Weakley
10,11,1,10,11,403660935,BEHAVIORAL HEALTHCARE CTR,PROFESSIONAL PARK DR,CLARKSVILLE,TN,Tennessee,37040,5136,62211002,806202,0,3,717851367, ,19,FP,B,7,PointAddress,Montgomery
11,12,1,11,12,426274470,BEHAVIORAL HEALTHCARE CTR,ROSEWOOD DR,COLUMBIA,TN,Tennessee,38401,4878,62211002,806202,0,3,717851367, ,44,FP,A,7,PointAddress,Maury
12,13,1,12,13,741108532,BENNETT COUNTY HOSPITAL,MANLEY ST,MARTIN,TN,Tennessee,38237,1530,62211002,806202,2470, , , ,19, , ,6,PointAddress,Weakley
13,14,1,13,14,417293091,BLANCHFIELD ARMY CMNTY HOSP,JOEL DR,FORT CAMPBELL,KY,Kentucky,42223,5318,62211002,806202,4877, , , ,30, , ,8,StreetAddress,Montgomery
14,15,1,14,15,433958294,BLOUNT MEMORIAL HOSPITAL,E LAMAR ALEXANDER PKWY,MARYVILLE,TN,Tennessee,37804,5016,62211002,806202,0,1,433958294, ,2172,EGH,F,8,PointAddress,Blount
15,16,1,15,16,001232982,BOLIVAR GENERAL HOSPITAL,NUCKOLLS RD,BOLIVAR,TN,Tennessee,38008,1532,62211002,806202,0,3,358147288, ,59,EGH,A,8,PointAddress,Hardeman
16,17,1,16,17,134966241,BRISTOL REGIONAL MEDICAL CTR,MEDICAL PARK BLVD,BRISTOL,TN,Tennessee,37620,7453,62211002,806202,306782,2,519165567, ,1599,EHNT,F,8,PointAddress,Sullivan
17,18,1,17,18,716896424,CAMDEN GENERAL HOSPITAL,HOSPITAL DR,CAMDEN,TN,Tennessee,38320,1617,62211002,806202,0,3,358147288, ,70,EGH,B,8,PointAddress,Benton
18,19,1,18,19,134882653,CHI MEMORIAL HOSPITAL,DESALES AVE,CHATTANOOGA,TN,Tennessee,37404,1102,62211002,806202,0,3,741701407, ,3000,EHNT,F,8,PointAddress,Hamilton
19,20,1,19,20,891677924,CHI MEMORIAL HOSPITAL HIXSON,HAMILL RD,HIXSON,TN,Tennessee,37343,4026,62211002,806202,1906,2,741701407, ,10, , ,8,StreetAddress,Hamilton
20,21,1,20,21,401956396,CHILDREN'S HOSPITAL AT ERLNGR,BLACKFORD ST,CHATTANOOGA,TN,Tennessee,37403,1499,62211002,806202,857318,2,852537380, ,4500,CEHMNT,D,8,StreetAddress,Hamilton
21,22,1,21,22,403963698,CHILDREN'S HOSPITAL AT TRISTAR,PATTERSON ST,NASHVILLE,TN,Tennessee,37203, ,62211002,806202,63390, , , ,280,CW, ,8,StreetAddress,Davidson
22,23,1,22,23,422110260,CHOTA COMMUNITY HEALTH SVC,HUNT ST,TELLICO PLAINS,TN,Tennessee,37385,5046,62211002,806202,4647, , , ,38,H, ,7,PointAddress,Monroe
23,24,1,23,24,001232594,CLAIBORNE MEDICAL CTR,OLD KNOXVILLE RD,TAZEWELL,TN,Tennessee,37879,3625,62211002,806202,0,3,403915094, ,8400,EGH,C,8,PointAddress,Claiborne
24,25,1,24,25,362905812,COMPLETE HEALTH CARE MED CTR,JACKSBORO PIKE,LA FOLLETTE,TN,Tennessee,37766,3002,62211002,806202,757, , , ,6, , ,6,PointAddress,Campbell
25,26,1,25,26,984663922,COOKEVILLE REGIONAL MED CTR,MEDICAL CENTER BLVD,COOKEVILLE,TN,Tennessee,38501,4294,62211002,806202,0,3,439878773, ,1600,H, ,8,PointAddress,Putnam
26,27,1,26,27,720849313,CRESTWYN BEHAVIORAL HEALTH HSP,CRESTWYN HILLS CV,MEMPHIS,TN,Tennessee,38125,8515,62211002,806202,0,3,653725739,2,413, , ,8,PointAddress,Shelby
27,28,1,27,28,001235373,CUMBERLAND MEDICAL CTR,S MAIN ST,CROSSVILLE,TN,Tennessee,38555,5031,62211002,806202,0,3,403915094, ,686,EHN,D,8,PointAddress,Cumberland
28,29,1,28,29,251124038,CURA HEALTH HOSPITAL-NASHVILLE,COUNTY HOSPITAL RD,NASHVILLE,TN,Tennessee,37218,3007,62211002,806202,0,3,722256018, ,100,FL,C,8,StreetAddress,Davidson
29,30,1,29,30,436298662,D LP HARRIS REGIONAL HOSP LLC,SEVEN SPRINGS WAY,BRENTWOOD,TN,Tennessee,37027,5098,62211002,806202,9056, , , ,40, , ,8,PointAddress,Davidson
30,31,1,30,31,437226415,DANVILLE REGIONAL MED CTR LLC,SEVEN SPRINGS WAY,BRENTWOOD,TN,Tennessee,37027,5098,62211002,806202,9056, , , ,40, , ,1,PointAddress,Davidson
31,32,1,31,32,001234905,DECATUR COUNTY GENERAL HOSP,TENNESSEE AVE S,PARSONS,TN,Tennessee,38363,3700,62211002,806202,0,1,001234905, ,140,EGH,B,8,PointAddress,Decatur
32,33,1,32,33,875591513,DELTA MEDICAL CTR,GETWELL RD,MEMPHIS,TN,Tennessee,38118,2299,62211002,806202,0,3,653725739,2,436,EFP,D,8,PointAddress,Shelby
33,34,1,33,34,852237213,EAST TN CHILDRENS HOSPITAL,CLINCH AVE,KNOXVILLE,TN,Tennessee,37916,2393,62211002,806202,0,1,852237213, ,2000,CENT,D,8,PointAddress,Knox
34,35,1,34,35,203116348,ENCOMPASS HEALTH REHAB HOSP,AUSTIN PEAY HWY,MEMPHIS,TN,Tennessee,38128,2502,62211002,806202,36787,2,620083923,2,200,FR,B,8,PointAddress,Shelby
35,36,1,35,36,413124488,ENCOMPASS HEALTH REHAB HOSP,UNION AVE,MEMPHIS,TN,Tennessee,38104,3414,62211002,806202,31269,2,620083923,2,170,FRT,C,8,PointAddress,Shelby
36,37,1,36,37,435681937,ENCOMPASS HEALTH REHAB HOSP,CASSELL DR,KINGSPORT,TN,Tennessee,37660,3766,62211002,806202,29739,2,620083923,2,155,FR,C,8,PointAddress,Sullivan
37,38,1,37,38,436738696,ENCOMPASS HEALTH REHAB HOSP,MCCALLIE AVE,CHATTANOOGA,TN,Tennessee,37404,3398,62211002,806202,11050,2,620083923,2,58,FR,C,8,PointAddress,Hamilton
38,39,1,38,39,744460260,ENCOMPASS HEALTH REHAB HOSP,PHYSICIANS WAY,FRANKLIN,TN,Tennessee,37067,1471,62211002,806202,7843,2,620083923,2,60,R, ,8,StreetAddress,Williamson
39,40,1,39,40,446714099,ENDOCRINE CLINIC CP,S REX RD,MEMPHIS,TN,Tennessee,38119,3821,62211002,806202,8461, , , ,46, , ,8,PointAddress,Shelby
40,41,1,40,41,409333052,ERLANGER BARONESS HOSPITAL,E 3RD ST,CHATTANOOGA,TN,Tennessee,37403,2163,62211002,806202,0,3,852537380, ,3765,EGHT,H,8,PointAddress,Hamilton
41,42,1,41,42,735938109,ERLANGER BEHAVIORAL HEALTH HSP,N HOLTZCLAW AVE,CHATTANOOGA,TN,Tennessee,37404,1235,62211002,806202,0,3,653725739,2,98, , ,8,StreetAddress,Hamilton
42,43,1,42,43,852063742,ERLANGER BLEDSOE HOSPITAL,WHEELERTOWN AVE,PIKEVILLE,TN,Tennessee,37367,5246,62211002,806202,0,3,852537380, ,89,EGH,B,8,PointAddress,Bledsoe
43,44,1,43,44,499787216,ERLANGER EAST HOSPITAL,GUNBARREL RD,CHATTANOOGA,TN,Tennessee,37421,7246,62211002,806202,0,3,852537380, ,200,H, ,8,Subaddress,Hamilton
44,45,1,44,45,519146112,ERLANGER NORTH HOSPITAL,MORRISON SPRINGS RD,CHATTANOOGA,TN,Tennessee,37415,3498,62211002,806202,19052,2,852537380, ,100,EH,H,8,PointAddress,Hamilton
45,46,1,45,46,591478896,FORT LOUDOUN MEDICAL CTR,FORT LOUDOUN MEDICAL CENTER DR,LENOIR CITY,TN,Tennessee,37772,5686,62211002,806202,0,3,403915094, ,191,EHN,B,8,PointAddress,Loudon
46,47,1,46,47,001232859,FORT SANDERS REGIONAL MED CTR,CLINCH AVE,KNOXVILLE,TN,Tennessee,37916,2307,62211002,806202,0,3,403915094, ,1532,EHN,F,8,PointAddress,Knox
47,48,1,47,48,403433779,FRANKLIN WOODS COMMUNITY HOSP,MED TECH PKWY,JOHNSON CITY,TN,Tennessee,37604,2277,62211002,806202,0,3,519165567, ,404,EHNT,C,8,PointAddress,Washington
48,49,1,48,49,893759613,GREENEVILLE COMMUNITY HOSPITAL,TUSCULUM BLVD,GREENEVILLE,TN,Tennessee,37745,4279,62211002,806202,0,3,519165567, ,727,EHN,D,8,PointAddress,Greene
49,50,1,49,50,372221168,HANCOCK COUNTY HOSPITAL,MAIN ST,SNEEDVILLE,TN,Tennessee,37869,3657,62211002,806202,3815,2,519165567, ,39,EFH,A,8,StreetAddress,Hancock
50,51,1,50,51,436840140,HARDIN MEDICAL CTR,WAYNE RD,SAVANNAH,TN,Tennessee,38372,1904,62211002,806202,0,1,436840140, ,381,EGH,D,8,PointAddress,Hardin
51,52,1,51,52,001232420,HAWKINS COUNTY MEMORIAL HOSP,LOCUST ST,ROGERSVILLE,TN,Tennessee,37857,2498,62211002,806202,16906,2,519165567, ,153,EHNT,B,8,StreetAddress,Hawkins
52,53,1,52,53,001234814,HENDERSON COUNTY CMNTY HOSP,W CHURCH ST,LEXINGTON,TN,Tennessee,38351,2038,62211002,806202,0,3,439834226,2,180,EHN,B,8,StreetAddress,Henderson
53,54,1,53,54,423187397,HENRY COUNTY MEDICAL CTR,TYSON AVE,PARIS,TN,Tennessee,38242,4544,62211002,806202,0,1,423187397, ,662,EGH,E,8,StreetAddress,Henry
54,55,1,54,55,401908702,HOLSTON VALLEY MEDICAL CTR,W RAVINE RD,KINGSPORT,TN,Tennessee,37660,3837,62211002,806202,325776,2,519165567, ,1698,EHNT,F,8,PointAddress,Sullivan
55,56,1,55,56,401913587,HOUSTON COUNTY COMMUNITY HOSP,E MAIN ST,ERIN,TN,Tennessee,37061,4115,62211002,806202,7730, , , ,71,EGH,B,8,PointAddress,Houston
56,57,1,56,57,449769132,HUMBOLDT MEDICAL CTR,CHERE CAROL RD,HUMBOLDT,TN,Tennessee,38343,3636,62211002,806202,13505, , , ,120,E, ,8,PointAddress,Gibson
57,58,1,57,58,401908751,INDIAN PATH HOSPITAL,BROOKSIDE DR,KINGSPORT,TN,Tennessee,37660,4682,62211002,806202,113197,2,519165567, ,590,EHNT,E,8,PointAddress,Sullivan
58,59,1,58,59,440436234,JACKSON-MADISON COUNTY GENERAL,JACKSON WALK PLZ,JACKSON,TN,Tennessee,38301,3008,62211002,806202,3309, , , ,19, , ,7,StreetAddress,Madison
59,60,1,59,60,601033277,JACKSON-MADISON COUNTY GENERAL,SKYLINE DR,JACKSON,TN,Tennessee,38301,3923,62211002,806202,0,3,358147288, ,3996,EGHT,H,8,PointAddress,Madison
60,61,1,60,61,401968599,JAMES H QUILLEN VA HOSP MED,LAMONT ST,JOHNSON CITY,TN,Tennessee,37604,5453,62211002,806202,588428,2,468171871, ,3000,BGT,C,8,StreetAddress,Washington
61,62,1,61,62,401964069,JAMESTOWN REGIONAL MEDICAL CTR,CENTRAL AVE W,JAMESTOWN,TN,Tennessee,38556,3031,62211002,806202,0,3,004658340,2,220,EFH,C,8,StreetAddress,Fentress
62,63,1,62,63,898338074,JEFFERSON MEMORIAL HOSPITAL,HOSPITAL DR,JEFFERSON CITY,TN,Tennessee,37760,5282,62211002,806202,59786, , , ,300,FH,C,8,PointAddress,Jefferson
63,64,1,63,64,852540707,JELLICO COMMUNITY HOSPITAL,HOSPITAL LN,JELLICO,TN,Tennessee,37762,4432,62211002,806202,0,3,719350723, ,264,EHN,B,8,PointAddress,Campbell
64,65,1,64,65,427079825,JOHNSON CITY MEDICAL CTR,N STATE OF FRANKLIN RD,JOHNSON CITY,TN,Tennessee,37604,6094,62211002,806202,0,3,519165567, ,646, , ,1,PointAddress,Washington
65,66,1,65,66,553622333,JOHNSON COUNTY COMMUNITY HOSP,S SHADY ST,MOUNTAIN CITY,TN,Tennessee,37683,2021,62211002,806202,0,3,519165567, ,63,EHNT,A,8,PointAddress,Johnson
66,67,1,66,67,460266471,KINDRED HOSPITAL-CHATTANOOGA,WALNUT ST,CHATTANOOGA,TN,Tennessee,37402,1916,62211002,806202,38104,2,836788935,2,200,FL,B,8,PointAddress,Hamilton
67,68,1,67,68,001232032,LAFOLLETTE MEDICAL CTR,E CENTRAL AVE,LA FOLLETTE,TN,Tennessee,37766,2768,62211002,806202,22689, , , ,180,EHN,D,8,PointAddress,Campbell
68,69,1,68,69,001233311,LAUDERDALE COMMUNITY HOSPITAL,ASBURY AVE,RIPLEY,TN,Tennessee,38063,5577,62211002,806202,12054, , , ,163,EFH,B,8,PointAddress,Lauderdale
69,70,1,69,70,413179094,LE BONHEUR CHILDREN'S HOSPITAL,ADAMS AVE,MEMPHIS,TN,Tennessee,38103,2816,62211002,806202,0,3,438667170, ,2200, , ,8,PointAddress,Shelby
70,71,1,70,71,565596954,LECONTE MEDICAL CTR,MIDDLE CREEK RD,SEVIERVILLE,TN,Tennessee,37862,5019,62211002,806202,0,3,403915094, ,440,EHNT,D,8,PointAddress,Sevier
71,72,1,71,72,401921374,LINCOLN MEDICAL CTR,MEDICAL CENTER BLVD,FAYETTEVILLE,TN,Tennessee,37334,2684,62211002,806202,0,3,724992902, ,300,E, ,8,PointAddress,Lincoln
72,73,1,72,73,001235431,LIVINGSTON REGIONAL HOSPITAL,OAK ST,LIVINGSTON,TN,Tennessee,38570,1734,62211002,806202,0,3,532771201,2,300,EFH,D,8,StreetAddress,Overton
73,74,1,73,74,001229046,MACON COMMUNITY HOSPITAL,MEDICAL DR,LAFAYETTE,TN,Tennessee,37083,1799,62211002,806202,12935, , , ,128,EHN,B,8,StreetAddress,Macon
74,75,1,74,75,001229111,MARSHALL MEDICAL CTR,N ELLINGTON PKWY,LEWISBURG,TN,Tennessee,37091,2227,62211002,806202,0,3,135646297, ,134,EHN,A,8,StreetAddress,Marshall
75,76,1,75,76,721042534,MAURY REGIONAL HOSPITAL,MAIN ST,SPRING HILL,TN,Tennessee,37174,7402,62211002,806202,2867, , , ,19, , ,7,PointAddress,Maury
76,77,1,76,77,730819338,MAURY REGIONAL HOSPITAL,JV MANGUBAT DR,WAYNESBORO,TN,Tennessee,38485,2440,62211002,806202,1678, , , ,19, , ,1,PointAddress,Wayne
77,78,1,77,78,741881185,MAURY REGIONAL HOSPITAL,BEASLEY LN,COLUMBIA,TN,Tennessee,38401,7407,62211002,806202,2867, , , ,19, , ,6,PointAddress,Maury
78,79,1,78,79,743972451,MAURY REGIONAL HOSPITAL,S CROSS BRIDGES RD,MT PLEASANT,TN,Tennessee,38474,1714,62211002,806202,2867, , , ,19, , ,7,StreetAddress,Maury
79,80,1,79,80,744130518,MAURY REGIONAL HOSPITAL,TROTWOOD AVE,COLUMBIA,TN,Tennessee,38401,6410,62211002,806202,4527, , , ,30, , ,8,StreetAddress,Maury
80,81,1,80,81,714546004,MAURY REGIONAL MEDICAL CTR,TROTWOOD AVE,COLUMBIA,TN,Tennessee,38401,4802,62211002,806202,0,3,135646297, ,140,EGH,E,8,StreetAddress,Maury
81,82,1,81,82,721445738,MED POINT AT WALTER HL HEALTH,LEBANON RD,MURFREESBORO,TN,Tennessee,37129,7854,62211002,806202,3715, , , ,19, , ,6,PointAddress,Rutherford
82,83,1,82,83,717508968,MEMPHIS MEDICAL CTR AIR,WELCH ST,BROWNSVILLE,TN,Tennessee,38012,2334,62211002,806202,1468, , , ,19, , ,6,StreetAddress,Haywood
83,84,1,83,84,004678470,MEMPHIS MENTAL HEALTH INST,COURT AVE,MEMPHIS,TN,Tennessee,38103,2813,62211002,806202,0,2,852485572, ,350,GPT,C,8,PointAddress,Shelby
84,85,1,84,85,884912098,MEMPHIS VA MEDICAL CTR,JEFFERSON AVE,MEMPHIS,TN,Tennessee,38104,2127,62211002,806202,422861, , , ,2299,BEGHT,E,8,PointAddress,Shelby
85,86,1,85,86,216442210,METHODIST LE BONHEUR,POPLAR AVE,GERMANTOWN,TN,Tennessee,38138,3904,62211002,806202,0,3,438667170, ,1700,EH, ,8,PointAddress,Shelby
86,87,1,86,87,891581720,METHODIST MEDICAL CTR-OAK RDG,OAK RIDGE TPKE,OAK RIDGE,TN,Tennessee,37830,6942,62211002,806202,0,3,403915094, ,895,EHNT,E,8,StreetAddress,Anderson
87,88,1,87,88,897840245,METHODIST NORTH HOSPITAL,NEW COVINGTON PIKE,MEMPHIS,TN,Tennessee,38128,2589,62211002,806202,0,3,438667170, ,1250,EH, ,8,PointAddress,Shelby
88,89,1,88,89,446744450,METHODIST SOUTH HOSPITAL,WESLEY DR,MEMPHIS,TN,Tennessee,38116,6499,62211002,806202,0,3,438667170, ,800,EH,E,8,PointAddress,Shelby
89,90,1,89,90,446744468,METHODIST UNIVERSITY HOSPITAL,UNION AVE,MEMPHIS,TN,Tennessee,38104,3415,62211002,806202,0,3,438667170, ,9602,EHNT,H,8,PointAddress,Shelby
90,91,1,90,91,934687385,MIDDLE TN MENTAL HEALTH INST,STEWARTS FERRY PIKE,NASHVILLE,TN,Tennessee,37214,3325,62211002,806202,0,2,852485572, ,516,GPT,E,8,StreetAddress,Davidson
91,92,1,91,92,001234848,MILAN GENERAL HOSPITAL,HIGHLAND ST,MILAN,TN,Tennessee,38358,3493,62211002,806202,0,3,358147288, ,72,EGH,B,8,Subaddress,Gibson
92,93,1,92,93,851791376,MOCCASIN BEND MENTAL HEALTH,MOCCASIN BEND RD,CHATTANOOGA,TN,Tennessee,37405,4415,62211002,806202,0,2,852485572, ,425,GP,D,8,PointAddress,Hamilton
93,94,1,93,94,001232222,MORRISTOWN-HAMBLEN HEALTHCARE,W 4TH NORTH ST,MORRISTOWN,TN,Tennessee,37814,3894,62211002,806202,0,3,403915094, ,543,EHNT,D,8,PointAddress,Hamblen
94,95,1,94,95,439382005,NASHVILLE GENERAL HOSPITAL,ALBION ST,NASHVILLE,TN,Tennessee,37208,2918,62211002,806202,0,1,439382005, ,673,GHT,D,8,PointAddress,Davidson
95,96,1,95,96,403433780,NISWONGER CHILDREN'S HOSPITAL,N STATE OF FRANKLIN RD,JOHNSON CITY,TN,Tennessee,37604,6035,62211002,806202,492318,2,519165567, ,2510,CEHNT,H,8,PointAddress,Washington
96,97,1,96,97,400464547,NORTH KNOXVILLE MEDICAL CTR,DANNAHER DR,POWELL,TN,Tennessee,37849,4029,62211002,806202,55689,2,004658340,2,300,E,D,8,PointAddress,Knox
97,98,1,97,98,423472508,NORTHCREST MEDICAL CTR,NORTHCREST DR,SPRINGFIELD,TN,Tennessee,37172,3961,62211002,806202,39951, , , ,260,EHN,C,8,PointAddress,Robertson
98,99,1,98,99,436045996,NOVA MEDICAL CTR,SKYLINE DR,KNOXVILLE,TN,Tennessee,37917, ,62211002,806202,2785, , , ,15, , ,6,StreetName,Knox
99,100,1,99,100,721157858,PALM BAY AMBULATORY SURGCL CTR,BURTON HILLS BLVD,NASHVILLE,TN,Tennessee,37215,6186,62211002,806202,63390, , , ,280, , ,8,Subaddress,Davidson
100,101,1,100,101,001231398,PARKRIDGE EAST HOSPITAL,SPRING CREEK RD,CHATTANOOGA,TN,Tennessee,37412,3997,62211002,806202,114310,2,403916856,2,600,EFHN,D,8,PointAddress,Hamilton
101,102,1,101,102,401951959,PARKRIDGE MEDICAL CTR,MCCALLIE AVE,CHATTANOOGA,TN,Tennessee,37404,3258,62211002,806202,0,3,403916856,2,1312,EFHT,H,8,PointAddress,Hamilton
102,103,1,102,103,427274059,PARKRIDGE VALLEY ADULT-SENIOR,COURAGE WAY,CHATTANOOGA,TN,Tennessee,37421,1555,62211002,806202,58108,2,403916856,2,305, , ,8,PointAddress,Hamilton
103,104,1,103,104,441430899,PARKRIDGE VALLEY CHILD,MORRIS HILL RD,CHATTANOOGA,TN,Tennessee,37421,2818,62211002,806202,38104,2,403916856,2,200,H, ,8,PointAddress,Hamilton
104,105,1,104,105,708935751,PARKRIDGE WEST HOSPITAL,TENNESSEE 28,JASPER,TN,Tennessee,37347, ,62211002,806202,0,3,403916856,2,70,E, ,8,StreetAddress,Marion
105,106,1,105,106,714850120,PARKWEST MEDICAL CTR,PARK WEST BLVD,KNOXVILLE,TN,Tennessee,37923,4387,62211002,806202,0,3,403915094, ,1389,EHN,E,8,PointAddress,Knox
106,107,1,106,107,001229145,PERRY COMMUNITY HOSPITAL,SQUIRREL HOLLOW DR,LINDEN,TN,Tennessee,37096,3526,62211002,806202,13692, , , ,135,EHN,C,8,PointAddress,Perry
107,108,1,107,108,724936514,QUALITY HEALTH CARE CTR,VICKERY LN,CORDOVA,TN,Tennessee,38016,0633,62211002,806202,75965, , , ,413, , ,8,Subaddress,Shelby
108,109,1,108,109,996525358,QUILLEN REHAB HOSPITAL,WESLEY ST,JOHNSON CITY,TN,Tennessee,37601,1723,62211002,806202,2354, , , ,12,LN,C,7,PointAddress,Washington
109,110,1,109,110,744356969,REGIONAL MEDICAL CTR,JEFFERSON AVE,MEMPHIS,TN,Tennessee,38103,2897,62211002,806202,0,3,711193522, ,413, , ,8,PointAddress,Shelby
110,111,1,110,111,439879630,REGIONAL ONE HEALTH EXTENDED,MADISON AVE,MEMPHIS,TN,Tennessee,38103,3409,62211002,806202,75965,2,711193522, ,413,LN,B,8,StreetAddress,Shelby
111,112,1,111,112,439216752,REGIONAL ONE HEALTH REHAB HOSP,MADISON AVE,MEMPHIS,TN,Tennessee,38103,3409,62211002,806202,75965, , , ,413, , ,8,StreetAddress,Shelby
112,113,1,112,113,468812813,RHEA MEDICAL CTR,RHEA COUNTY HWY,DAYTON,TN,Tennessee,37321,7922,62211002,806202,25899, , , ,250,EGH,B,8,StreetAddress,Rhea
113,114,1,113,114,001232347,RIDGEVIEW BEHAVIORAL HEALTH,W TYRONE RD,OAK RIDGE,TN,Tennessee,37830,6517,62211002,806202,0,1,001232347, ,200,NP,A,8,PointAddress,Anderson
114,115,1,114,115,004204996,RIVERVIEW REGIONAL MEDICAL CTR,HOSPITAL DR,CARTHAGE,TN,Tennessee,37030,1083,62211002,806202,0,3,532771201,2,200,EFH,B,8,PointAddress,Smith
115,116,1,115,116,135046548,ROANE MEDICAL CTR,ROANE MEDICAL CENTER DR,HARRIMAN,TN,Tennessee,37748,8333,62211002,806202,0,3,403915094, ,220,EHN,C,8,StreetAddress,Roane
116,117,1,116,117,401792144,ROLLING HILLS HOSPITAL,QUAIL HOLLOW CIR,FRANKLIN,TN,Tennessee,37067,5967,62211002,806202,39213,2,003444775,2,200,FHP,C,8,PointAddress,Williamson
117,118,1,117,118,726995722,SAVING GRACE,WESTMERE DR,KNOXVILLE,TN,Tennessee,37909,1056,62211002,806202,2785, , , ,15, , ,6,PointAddress,Knox
118,119,1,118,119,530000702,SELECT SPECIALTY HOSP-KNXVLL,CLINCH AVE,KNOXVILLE,TN,Tennessee,37916,2307,62211002,806202,13737,2,622922235,2,74,FL,B,8,PointAddress,Knox
119,120,1,119,120,561276429,SELECT SPECIALTY HOSP-MEMPHIS,PARK AVE,MEMPHIS,TN,Tennessee,38119,5200,62211002,806202,18394,2,622922235,2,100,FL,B,8,PointAddress,Shelby
120,121,1,120,121,934766015,SELECT SPECIALTY HOSP-NSHVLL,HAYES ST,NASHVILLE,TN,Tennessee,37203,2645,62211002,806202,2717, , , ,12,FL,B,7,StreetAddress,Davidson
121,122,1,121,122,562073288,SELECT SPECIALTY HOSP-TRI CTS,MEDICAL PARK BLVD,BRISTOL,TN,Tennessee,37620,7430,62211002,806202,27820,2,622922235,2,145,FL,B,8,PointAddress,Sullivan
122,123,1,122,123,852342922,SISKIN HOSPITAL-PHYSICAL REHAB,SISKIN PLZ,CHATTANOOGA,TN,Tennessee,37403,1306,62211002,806202,0,1,852342922, ,425,NR,D,8,PointAddress,Hamilton
123,124,1,123,124,700249104,SOUTH FORK MEDICAL CTR,ALBERTA ST,ONEIDA,TN,Tennessee,37841,2127,62211002,806202,4702, , , ,38,H, ,8,PointAddress,Scott
124,125,1,124,125,001235159,SOUTHERN TN REGL HEALTH SYST,S LOCUST AVE,LAWRENCEBURG,TN,Tennessee,38464,4011,62211002,806202,0,3,532771201,2,250,EFH,C,8,PointAddress,Lawrence
125,126,1,125,126,001235241,SOUTHERN TN REGL HEALTH SYST,E COLLEGE ST,PULASKI,TN,Tennessee,38478,4541,62211002,806202,0,3,532771201,2,235,EFH,C,8,StreetAddress,Giles
126,127,1,126,127,482831674,SOUTHERN TN REGL HEALTH SYST,UNIVERSITY AVE,SEWANEE,TN,Tennessee,37375,2303,62211002,806202,0,3,532771201,2,91, , ,8,StreetAddress,Franklin
127,128,1,127,128,852792266,SOUTHERN TN REGL HEALTH SYST,HOSPITAL RD,WINCHESTER,TN,Tennessee,37398,2404,62211002,806202,0,3,532771201,2,550, , ,8,PointAddress,Franklin
128,129,1,128,129,439024488,SPENCE-BECKY WILSON BAPT,HUMPHREYS BLVD,MEMPHIS,TN,Tennessee,38120,2373,62211002,806202,0,3,525930350, ,413, , ,1,PointAddress,Shelby
129,130,1,129,130,239685969,ST FRANCIS HOSPITAL-BARTLETT,KATE BOND RD,BARTLETT,TN,Tennessee,38133,4003,62211002,806202,0,3,007526353,2,478,EFH,D,8,PointAddress,Shelby
130,131,1,130,131,216441899,ST FRANCIS HOSPITAL-MEMPHIS,PARK AVE,MEMPHIS,TN,Tennessee,38119,5198,62211002,806202,0,3,007526353,2,1383,EFHT,H,8,PointAddress,Shelby
131,132,1,131,132,725246080,ST JOSEPH HOSPITAL LLC,CONTINENTAL PL,BRENTWOOD,TN,Tennessee,37027,1042,62211002,806202,7843, , , ,40, , ,8,Subaddress,Williamson
132,133,1,132,133,497124099,ST JUDE CHILDREN'S RESEARCH,DANNY THOMAS PL,MEMPHIS,TN,Tennessee,38105,3678,62211002,806202,0,1,497124099, ,3000,CNT,C,8,PointAddress,Shelby
133,134,1,133,134,737748678,ST THOMAS DEKALB HOSPITAL,W MAIN ST,SMITHVILLE,TN,Tennessee,37166,1138,62211002,806202,38393,2,467049706, ,300,EFH,C,8,PointAddress,Dekalb
134,135,1,134,135,739220038,ST THOMAS HEART-WEST HOSPITAL,HARDING PIKE,NASHVILLE,TN,Tennessee,37205,6048,62211003,806201,7471,2,467049706, ,33, , ,8,Subaddress,Davidson
135,136,1,135,136,439835362,ST THOMAS HICKMAN HOSPITAL,E SWAN ST,CENTERVILLE,TN,Tennessee,37033,1417,62211002,806202,14232,2,467049706, ,121,EHN,C,8,PointAddress,Hickman
136,137,1,136,137,001235480,ST THOMAS HIGHLANDS HOSPITAL,SEWELL DR,SPARTA,TN,Tennessee,38583,1223,62211002,806202,27505,2,467049706, ,201,EH,C,8,PointAddress,White
137,138,1,137,138,415208665,ST THOMAS HOSP FOR SPEC SURG,MURPHY AVE,NASHVILLE,TN,Tennessee,37203,2065,62211002,806202,22640,2,467049706, ,100, , ,8,Subaddress,Davidson
138,139,1,138,139,004235552,ST THOMAS RIVER PARK HOSPITAL,SPARTA ST,MCMINNVILLE,TN,Tennessee,37110,1316,62211002,806202,51116,2,467049706, ,345,EFH,C,8,PointAddress,Warren
139,140,1,139,140,741359109,ST THOMAS RUTHERFORD HOSPITAL,MEDICAL CENTER PKWY,MURFREESBORO,TN,Tennessee,37129,2245,62211002,806202,0,3,467049706, ,38,H, ,8,PointAddress,Rutherford
140,141,1,140,141,008368367,ST THOMAS STONES RIVER HOSP,DOOLITTLE RD,WOODBURY,TN,Tennessee,37190,1139,62211002,806202,26541,2,467049706, ,206,EH,C,8,PointAddress,Cannon
141,142,1,141,142,427450927,ST THOMAS WEST HOSPITAL,W END AVE,NASHVILLE,TN,Tennessee,37205,2024,62211002,806202,22640,2,467049706, ,100, , ,8,PointAddress,Davidson
142,143,1,142,143,851850149,ST THOMAS WEST HOSPITAL,HARDING PIKE,NASHVILLE,TN,Tennessee,37205,2095,62211002,806202,1131951,2,467049706, ,5000,EHNT,F,8,PointAddress,Davidson
143,144,1,143,144,724624412,STARR REGIONAL MED CTR-ETOWAH,US 411,ETOWAH,TN,Tennessee,37331, ,62211002,806202,2720,2,532771201,2,309,EH, ,6,StreetAddress,McMinn
144,145,1,144,145,401953906,STARR REGIONAL MEDICAL CTR,W MADISON AVE,ATHENS,TN,Tennessee,37303,4150,62211002,806202,0,3,532771201,2,375,EFHT,D,8,PointAddress,McMinn
145,146,1,145,146,001228915,SUMNER REGIONAL MED CTR LLC,HARTSVILLE PIKE,GALLATIN,TN,Tennessee,37066,2400,62211002,806202,0,3,532771201,2,1165,EFHT,D,8,PointAddress,Sumner
146,147,1,146,147,714549548,SWEETWATER HOSPITAL ASSN,CHURCH ST,SWEETWATER,TN,Tennessee,37874,2897,62211002,806202,0,1,714549548, ,160,FH,C,8,PointAddress,Monroe
147,148,1,147,148,736246535,SWEETWATER HOSPITAL ASSN ICU,CHURCH ST,SWEETWATER,TN,Tennessee,37874,2897,62211002,806202,2324, , , ,19, , ,1,PointAddress,Monroe
148,149,1,148,149,004717708,SYCAMORE SHOALS HOSPITAL,W ELK AVE,ELIZABETHTON,TN,Tennessee,37643,2854,62211002,806202,0,3,519165567, ,326,EHN,D,8,StreetAddress,Carter
149,150,1,149,150,422389147,TAKOMA REGIONAL HOSPITAL,TAKOMA AVE,GREENEVILLE,TN,Tennessee,37743,4668,62211002,806202,0,3,519165567, ,400,EHN,B,8,StreetAddress,Greene
150,151,1,150,151,715433529,TEN BROECK TENNESSEE TREATMENT,MEDICAL CENTER BLVD,COOKEVILLE,TN,Tennessee,38501,4294,62211002,806202,0,3,130419492, ,40,P,B,8,PointAddress,Putnam
151,152,1,151,152,403915777,TENNOVA HEALTHCARE,PARKSIDE DR,KNOXVILLE,TN,Tennessee,37934,1956,62211002,806202,0,3,004658340,2,12, , ,8,PointAddress,Knox
152,153,1,152,153,435550751,TENNOVA HEALTHCARE CLEVELAND,WESTSIDE DR NW,CLEVELAND,TN,Tennessee,37312,3501,62211002,806202,4451, , , ,30,P, ,8,PointAddress,Bradley
153,154,1,153,154,674801287,TENNOVA HEALTHCARE-CLARKSVILLE,DUNLOP LN,CLARKSVILLE,TN,Tennessee,37040,5015,62211002,806202,0,3,004658340,2,12,E, ,8,PointAddress,Montgomery
154,155,1,154,155,723497216,TENNOVA HEALTHCARE-CLEVELAND,CHAMBLISS AVE NW,CLEVELAND,TN,Tennessee,37311,3847,62211002,806202,2819, , , ,309,EH, ,8,PointAddress,Bradley
155,156,1,155,156,875528325,TENNOVA HEALTHCARE-DYERSBURG,E TICKLE ST,DYERSBURG,TN,Tennessee,38024,3120,62211002,806202,101073,2,004658340,2,600,EFH,D,8,PointAddress,Dyer
156,157,1,156,157,852384031,TENNOVA HEALTHCARE-HARTON,N JACKSON ST,TULLAHOMA,TN,Tennessee,37388,8259,62211002,806202,0,3,004658340,2,500,EFH,D,8,PointAddress,Coffee
157,158,1,157,158,683264451,TENNOVA HEALTHCARE-LEBANON,W BADDOUR PKWY,LEBANON,TN,Tennessee,37087,2513,62211002,806202,0,3,004658340,2,900,EFHT,E,8,PointAddress,Wilson
158,159,1,158,159,660109760,TENNOVA HEALTHCARE-SHELBYVILLE,HIGHWAY 231 N,SHELBYVILLE,TN,Tennessee,37160,7327,62211002,806202,11540, , , ,102,GH,C,8,StreetAddress,Bedford
159,160,1,159,160,473529733,TENNOVA NEWPORT MEDICAL CTR,2ND ST,NEWPORT,TN,Tennessee,37821,3703,62211002,806202,47342,2,004658340,2,350,EFH,B,8,PointAddress,Cocke
160,161,1,160,161,001229541,THREE RIVERS HOSPITAL,HIGHWAY 13 S,WAVERLY,TN,Tennessee,37185,2109,62211002,806202,0,1,001229541, ,132,EHN,B,8,PointAddress,Humphreys
161,162,1,161,162,546133372,TRI STAR CENTENNIAL MED CTR,PATTERSON ST,NASHVILLE,TN,Tennessee,37203,1528,62211002,806202,0,3,403916856,2,2000, , ,8,PointAddress,Davidson
162,163,1,162,163,402875242,TRI STAR HENDERSONVILLE MED,NEW SHACKLE ISLAND RD,HENDERSONVILLE,TN,Tennessee,37075,2399,62211002,806202,28343,2,403916856,2,160,FH,C,8,PointAddress,Sumner
163,164,1,163,164,401961263,TRI STAR SKYLINE MADISON CMPS,HOSPITAL DR,MADISON,TN,Tennessee,37115,5031,62211002,806202,63390, , , ,280,FH,E,8,StreetAddress,Davidson
164,165,1,164,165,435549753,TRI STAR SOUTHERN HLS MED CTR,WALLACE RD,NASHVILLE,TN,Tennessee,37211,4851,62211002,806202,124515,2,403916856,2,550,EFH,C,8,PointAddress,Davidson
165,166,1,165,166,712063318,TRI STAR STONE CREST MED CTR,STONECREST BLVD,SMYRNA,TN,Tennessee,37167,6810,62211002,806202,0,3,403916856,2,19, , ,7,StreetAddress,Rutherford
166,167,1,166,167,402876310,TRI STAR SUMMIT MEDICAL CTR,FRIST BLVD,HERMITAGE,TN,Tennessee,37076,2053,62211002,806202,0,3,403916856,2,5,EFH,D,6,PointAddress,Davidson
167,168,1,167,168,728558157,TRISTAR CENTENNIAL WOMEN'S HSP,MURPHY AVE,NASHVILLE,TN,Tennessee,37203, ,62211002,806202,63390, , , ,280, , ,8,PointAddress,Davidson
168,169,1,168,169,697291375,TRISTAR HORIZON MEDICAL CTR,HIGHWAY 70 E,DICKSON,TN,Tennessee,37055,2080,62211002,806202,85398,2,403916856,2,486,EFH,D,8,StreetAddress,Dickson
169,170,1,169,170,566337416,TRISTAR MEDICAL CTR,N MAIN ST,ASHLAND CITY,TN,Tennessee,37015,1347,62211002,806202,12993,2,403916856,2,110,EFH,A,8,PointAddress,Cheatham
170,171,1,170,171,134536663,TRISTAR PORTLAND,REDBUD DR,PORTLAND,TN,Tennessee,37148,1673,62211002,806202,40019, , , ,150,EH, ,8,PointAddress,Sumner
171,172,1,171,172,736409108,TRISTAR SKYLINE MEDICAL CTR,DICKERSON PIKE,NASHVILLE,TN,Tennessee,37207,2539,62211002,806202,226391, , , ,1000,EH, ,8,PointAddress,Davidson
172,173,1,172,173,478563737,TROUSDALE MEDICAL CTR,CHURCH ST,HARTSVILLE,TN,Tennessee,37074,1744,62211002,806202,0,3,532771201,2,100,EFH,B,8,PointAddress,Trousdale
173,174,1,173,174,422319361,TRUST POINT HOSPITAL,N THOMPSON LN,MURFREESBORO,TN,Tennessee,37129,4351,62211002,806202,0,3,653725739,2,80,FR,C,8,PointAddress,Rutherford
174,175,1,174,175,622023232,TURKEY CREEK MEDICAL CTR,PARKSIDE DR,KNOXVILLE,TN,Tennessee,37934,1956,62211002,806202,5569, , , ,30,EHW, ,1,PointAddress,Knox
175,176,1,175,176,896339058,UNICOI COUNTY HOSPITAL,TEMPLE HILL RD,ERWIN,TN,Tennessee,37650,8721,62211002,806202,0,3,519165567, ,135,EHN,C,8,StreetAddress,Unicoi
176,177,1,176,177,714536599,UNITY MEDICAL CTR,INTERSTATE DR,MANCHESTER,TN,Tennessee,37355,3108,62211002,806202,48658, , , ,300,EFH,B,8,PointAddress,Coffee
177,178,1,177,178,465874808,UNIVERSITY OF TN MEDICAL CTR,ALCOA HWY,KNOXVILLE,TN,Tennessee,37920,6900,62211002,806202,0,3,716340401, ,3455,EHNT,H,8,StreetAddress,Knox
178,179,1,178,179,401965900,VA TN VALLEY HEALTHCARE SYSTEM,LEBANON RD,MURFREESBORO,TN,Tennessee,37129,1392,62211002,806202,260817,2,468171871, ,1334, , ,8,PointAddress,Rutherford
179,180,1,179,180,712179671,VA TN VALLEY MEDICAL CTR,24TH AVE S,NASHVILLE,TN,Tennessee,37212,2637,62211002,806202,0,2,468171871, ,3553, , ,8,PointAddress,Davidson
180,181,1,180,181,738203242,VANDERBILT CHILDREN'S NEONATAL,CHILDRENS WAY,NASHVILLE,TN,Tennessee,37232,0034,62211002,806202,4527802, , , ,20000, , ,8,StreetAddress,Davidson
181,182,1,181,182,422970249,VANDERBILT PSYCHIATRIC HOSP,23RD AVE S,NASHVILLE,TN,Tennessee,37212,3196,62211002,806202,9056, , , ,40,P, ,8,PointAddress,Davidson
182,183,1,182,183,134580026,VANDERBILT STALLWORTH REHAB,CHILDRENS WAY,NASHVILLE,TN,Tennessee,37212,3164,62211002,806202,68144, , , ,301,FRT,C,8,PointAddress,Davidson
183,184,1,183,184,440685330,VANDERBILT UNIVERSITY HOSPITAL,S VNDRBLT UNIV HOS,NASHVILLE,TN,Tennessee,37232,0001,62211002,806202,15848, , , ,70, , ,8,PostalExt,Davidson
184,185,1,184,185,412189298,VANDERBILT UNIVERSITY MED CTR,18TH AVE S,NASHVILLE,TN,Tennessee,37232,0043,62211002,806202,63390,2,426845303, ,280, , ,8,StreetAddress,Davidson
185,186,1,185,186,440319958,VANDERBILT UNIVERSITY MED CTR,LIGHT HALL CTR FOR HUMAN,NASHVILLE,TN,Tennessee,37232,0001,62211002,806202,63390,2,426845303, ,280, , ,8,PostalExt,Davidson
186,187,1,186,187,497057307,VANDERBILT UNIVERSITY MED CTR,21ST AVE S,NASHVILLE,TN,Tennessee,37232,0001,62211002,806202,45279,2,426845303, ,200, , ,8,StreetAddress,Davidson
187,188,1,187,188,690081427,VANDERBILT UNIVERSITY MED CTR,GARLAND AVE,NASHVILLE,TN,Tennessee,37232,0019,62211002,806202,63390,2,426845303, ,280, , ,8,StreetAddress,Davidson
188,189,1,188,189,726307768,VANDERBILT UNIVERSITY MED CTR,MCN B-1100,NASHVILLE,TN,Tennessee,37232,0001,62211002,806202,63390,2,426845303, ,280, , ,8,PostalExt,Davidson
189,190,1,189,190,969073899,VANDERBILT UNIVERSITY MED CTR,21ST AVE S,NASHVILLE,TN,Tennessee,37232,0012,62211002,806202,23319,2,426845303, ,103, , ,8,PointAddress,Davidson
190,191,1,190,191,979848686,VANDERBILT UNIVERSITY MED CTR,MEDICAL CENTER DR,NASHVILLE,TN,Tennessee,37232,0002,62211002,806202,0,3,426845303, ,13510,EHNT,H,8,StreetAddress,Davidson
191,192,1,191,192,439766027,WAYNE MEDICAL CTR,JV MANGUBAT DR,WAYNESBORO,TN,Tennessee,38485,2440,62211002,806202,0,3,135646297, ,260,EHN,C,8,PointAddress,Wayne
192,193,1,192,193,434976439,WEST BANK SURGERY CTR,BURTON HILLS BLVD,NASHVILLE,TN,Tennessee,37215,6176,62211002,806202,63390, , , ,280, , ,8,Subaddress,Davidson
193,194,1,193,194,737814696,WEST TN HEALTHCARE NORTH HOSP,HOSPITAL BLVD,JACKSON,TN,Tennessee,38305,2080,62211002,806202,3309, , , ,309,EH, ,7,PointAddress,Madison
194,195,1,194,195,359794096,WEST TN HEALTHCARE REHAB HOSP,MOUNT PELIA RD,MARTIN,TN,Tennessee,38237,3812,62211002,806202,12606, , , ,97,FR,B,8,PointAddress,Weakley
195,196,1,195,196,729112873,WEST TN HEALTHCARE REHAB HOSP,W FOREST AVE,JACKSON,TN,Tennessee,38301,3902,62211002,806202,3309, , , ,19, , ,7,PointAddress,Madison
196,197,1,196,197,008368318,WEST TN HEALTHCARE VOLUNTEER,MOUNT PELIA RD,MARTIN,TN,Tennessee,38237,3811,62211002,806202,34178, , , ,263,EFH,C,8,PointAddress,Weakley
197,198,1,197,198,001233352,WESTERN MENTAL HEALTH INST,HIGHWAY 64,BOLIVAR,TN,Tennessee,38008,1554,62211002,806202,47901,2,852485572, ,500,GP,E,8,StreetAddress,Hardeman
198,199,1,198,199,435161123,WILLIAMSON MEDICAL CTR,CAROTHERS PKWY,FRANKLIN,TN,Tennessee,37067,8542,62211002,806202,0,1,435161123, ,1130,EGH,D,8,StreetAddress,Williamson
199,200,1,199,200,727922266,WOLFSON CHILDREN'S HOSPITAL,NW MADISON ST,LAKE CITY,TN,Tennessee,37769, ,62211002,806202,3112, , , ,19, , ,6,Postal,Anderson
200,201,1,200,201,852759109,WOODRIDGE HOSPITAL,N STATE OF FRANKLIN RD,JOHNSON CITY,TN,Tennessee,37604,6034,62211002,806202,34325,2,519165567, ,175,NT, ,8,PointAddress,Washington
